task,shell,seed,op,t_param,t_init,n_nodes,mae,aurc,train_mae,const_mae,beats_const,valid,monotone,loss_thirds,t_learned,params,epochs,n_train,n_eval,hidden,n_layers,secs,device,seam,ppr_alpha,sgc_k,dtype,const_aurc,ppr_k
hops,s4400,0,gcn,softplus,0.5,4400,0.19162900652327206,0.2786061094690995,0.20052717003802006,0.19099645751260338,False,True,True,"[0.07846, 0.05512, 0.05496]",[],3301,200,8,6,32,4,78.3,cuda,cut,0.05,8,float32,0.2821006900464718,20
hops,s4400,0,heat,softplus,0.5,4400,0.19120567257812415,0.2763291177121885,0.20018961946818636,0.19099645751260338,False,True,True,"[0.07841, 0.05502, 0.05477]","[1.2733, 0.2803, 0.2901, 0.2995]",3301,200,8,6,32,4,66.4,cuda,cut,0.05,8,float32,0.2821006900464718,20
hops,s4400,0,qw,softplus,0.5,4400,0.1901141601703553,0.2704388610740083,0.19941938498650086,0.19099645751260338,True,True,True,"[0.07844, 0.05492, 0.05439]","[0.936, 0.4315, 0.3947, 0.4096]",3301,200,8,6,32,4,129.2,cuda,cut,0.05,8,float32,0.2821006900464718,20
hops,s4400,1,gcn,softplus,0.5,4400,0.2040292993965418,0.281498251858508,0.21697254705094648,0.20176043820750875,False,True,True,"[0.07388, 0.06276, 0.0627]",[],3301,200,8,6,32,4,74.8,cuda,cut,0.05,8,float32,0.2928351628019791,20
hops,s4400,1,heat,softplus,0.5,4400,0.20405642376351874,0.2808235751882495,0.21700922898884695,0.20176043820750875,False,True,True,"[0.07383, 0.06275, 0.0627]","[1.2434, 1.1288, 1.1208, 1.1395]",3301,200,8,6,32,4,66.3,cuda,cut,0.05,8,float32,0.2928351628019791,20
hops,s4400,1,qw,softplus,0.5,4400,0.20394802403593945,0.28076977460290803,0.21688362787244841,0.20176043820750875,False,True,True,"[0.07409, 0.06274, 0.06265]","[0.7478, 1.0923, 1.111, 1.1301]",3301,200,8,6,32,4,129.3,cuda,cut,0.05,8,float32,0.2928351628019791,20
hops,s4400,2,gcn,softplus,0.5,4400,0.2005446665337535,0.2889679821874635,0.2024654243764764,0.19946591633724783,False,True,True,"[0.06301, 0.05617, 0.05614]",[],3301,200,8,6,32,4,75.6,cuda,cut,0.05,8,float32,0.28265171627811597,20
hops,s4400,2,heat,softplus,0.5,4400,0.20053968397604136,0.2885677297782023,0.20245984817484647,0.19946591633724783,False,True,True,"[0.063, 0.05616, 0.05614]","[1.1184, 1.0699, 1.0669, 1.071]",3301,200,8,6,32,4,66.0,cuda,cut,0.05,8,float32,0.28265171627811597,20
hops,s4400,2,qw,softplus,0.5,4400,0.1960174224298504,0.276953025599267,0.1983174775630786,0.19946591633724783,True,True,True,"[0.06298, 0.05614, 0.05533]","[1.2309, 1.1909, 1.1934, 0.8542]",3301,200,8,6,32,4,129.3,cuda,cut,0.05,8,float32,0.28265171627811597,20
hops,s4400,3,gcn,softplus,0.5,4400,0.21172180901888307,0.2846552120791693,0.1931333256024994,0.21148654558230193,False,False,True,"[0.05663, 0.05355, 0.05216]",[],3301,200,8,6,32,4,75.1,cuda,cut,0.05,8,float32,0.29072867564712807,20
hops,s4400,3,heat,softplus,0.5,4400,0.20971663882687805,0.27318557396028387,0.18899236861097796,0.21148654558230193,True,False,True,"[0.05663, 0.0537, 0.05165]","[2.1232, 0.7671, 0.6199, 0.6004]",3301,200,8,6,32,4,65.8,cuda,cut,0.05,8,float32,0.29072867564712807,20
hops,s4400,3,qw,softplus,0.5,4400,0.2182878480666797,0.3276145461076579,0.19071726954065854,0.21148654558230193,False,True,True,"[0.05663, 0.05306, 0.04972]","[1.5993, 2.1416, 1.2378, 1.4879]",3301,200,8,6,32,4,128.8,cuda,cut,0.05,8,float32,0.29072867564712807,20
hops,s4400,4,gcn,softplus,0.5,4400,0.19110188425137575,0.28112955515736654,0.19460469607613048,0.1895199613768438,False,True,True,"[0.06126, 0.05291, 0.0528]",[],3301,200,8,6,32,4,75.5,cuda,cut,0.05,8,float32,0.2771106549097857,20
hops,s4400,4,heat,softplus,0.5,4400,0.19108872147657996,0.28060574465465066,0.1945926819725851,0.1895199613768438,False,True,True,"[0.06155, 0.05288, 0.05279]","[1.5926, 0.8882, 0.9091, 0.8899]",3301,200,8,6,32,4,65.8,cuda,cut,0.05,8,float32,0.2771106549097857,20
hops,s4400,4,qw,softplus,0.5,4400,0.19107303655043129,0.28052920232839956,0.19457904772081583,0.1895199613768438,False,True,True,"[0.06143, 0.05288, 0.05278]","[0.9206, 0.8614, 0.8941, 0.874]",3301,200,8,6,32,4,128.8,cuda,cut,0.05,8,float32,0.2771106549097857,20
hops,s4400,5,gcn,softplus,0.5,4400,0.194758414872922,0.2736567283675115,0.20889101871067065,0.19286728251570215,False,True,True,"[0.07283, 0.05913, 0.05892]",[],3301,200,8,6,32,4,74.5,cuda,cut,0.05,8,float32,0.27951252176687014,20
hops,s4400,5,heat,softplus,0.5,4400,0.19539377156602725,0.27797110656368546,0.20922109138506295,0.19286728251570215,False,True,True,"[0.07306, 0.05917, 0.05915]","[1.0803, 1.112, 1.0847, 1.0742]",3301,200,8,6,32,4,65.8,cuda,cut,0.05,8,float32,0.27951252176687014,20
hops,s4400,5,qw,softplus,0.5,4400,0.1946466158077855,0.2754354227080172,0.20874032622912306,0.19286728251570215,False,True,True,"[0.07272, 0.05913, 0.05895]","[1.4059, 1.0928, 0.4489, 0.4354]",3301,200,8,6,32,4,129.3,cuda,cut,0.05,8,float32,0.27951252176687014,20
hops,s4400,6,gcn,softplus,0.5,4400,0.19311325973365456,0.2797651883938104,0.19725083735877308,0.19208520169920204,False,True,True,"[0.06286, 0.0538, 0.05374]",[],3301,200,8,6,32,4,71.9,cuda,cut,0.05,8,float32,0.283892721785415,20
hops,s4400,6,heat,softplus,0.5,4400,0.1930753528480559,0.2793241908458491,0.1972147602098994,0.19208520169920204,False,True,True,"[0.06302, 0.05379, 0.05372]","[1.5987, 0.5037, 0.516, 0.5242]",3301,200,8,6,32,4,66.2,cuda,cut,0.05,8,float32,0.283892721785415,20
hops,s4400,6,qw,softplus,0.5,4400,0.19308424597281512,0.2793200361438966,0.19722431054613976,0.19208520169920204,False,True,True,"[0.06288, 0.05379, 0.05373]","[0.9153, 0.5456, 0.5858, 0.582]",3301,200,8,6,32,4,128.7,cuda,cut,0.05,8,float32,0.283892721785415,20
hops,s4400,7,gcn,softplus,0.5,4400,0.19536951786020038,0.2779907476312183,0.19858665968460792,0.19563119266915954,True,True,True,"[0.06101, 0.05507, 0.05469]",[],3301,200,8,6,32,4,74.6,cuda,cut,0.05,8,float32,0.2761582395300048,20
hops,s4400,7,heat,softplus,0.5,4400,0.1971477537201435,0.2889851958498571,0.1999720846302807,0.19563119266915954,False,False,True,"[0.06088, 0.05504, 0.05495]","[1.0138, 0.7964, 0.7448, 0.7307]",3301,200,8,6,32,4,66.2,cuda,cut,0.05,8,float32,0.2761582395300048,20
hops,s4400,7,qw,softplus,0.5,4400,0.19732757829863468,0.2898522939391825,0.20011196039109067,0.19563119266915954,False,False,True,"[0.06102, 0.05506, 0.055]","[1.1666, 0.9439, 0.9185, 0.9391]",3301,200,8,6,32,4,129.3,cuda,cut,0.05,8,float32,0.2761582395300048,20
hops,s4400,8,gcn,softplus,0.5,4400,0.20223252321325355,0.26511445161402003,0.20273791895020454,0.20206346859012478,False,True,True,"[0.07186, 0.05698, 0.05587]",[],3301,200,8,6,32,4,75.5,cuda,cut,0.05,8,float32,0.2922868436180806,20
hops,s4400,8,heat,softplus,0.5,4400,0.20412195807308744,0.2817767439297624,0.20495751399488654,0.20206346859012478,False,True,True,"[0.07187, 0.05723, 0.05701]","[1.542, 0.2194, 0.2246, 0.2186]",3301,200,8,6,32,4,66.2,cuda,cut,0.05,8,float32,0.2922868436180806,20
hops,s4400,8,qw,softplus,0.5,4400,0.19703866161674147,0.23383614361890495,0.1941222860666775,0.20206346859012478,True,True,True,"[0.07177, 0.05671, 0.05402]","[1.575, 2.3847, 1.8625, 1.256]",3301,200,8,6,32,4,129.3,cuda,cut,0.05,8,float32,0.2922868436180806,20
hops,s4400,9,gcn,softplus,0.5,4400,0.18794586698817453,0.2808019261145666,0.20165135565817102,0.18654150678053016,False,True,True,"[0.06252, 0.05568, 0.05566]",[],3301,200,8,6,32,4,75.6,cuda,cut,0.05,8,float32,0.2765187413343975,20
hops,s4400,9,heat,softplus,0.5,4400,0.18798098403209054,0.28076598303532574,0.20167757412090642,0.18654150678053016,False,True,True,"[0.0626, 0.05569, 0.05567]","[0.8657, 0.8109, 0.8101, 0.8163]",3301,200,8,6,32,4,65.8,cuda,cut,0.05,8,float32,0.2765187413343975,20
hops,s4400,9,qw,softplus,0.5,4400,0.1782110284013095,0.20637785971388256,0.19586684135222723,0.18654150678053016,True,True,True,"[0.06256, 0.05563, 0.05303]","[1.0143, 2.0186, 1.8206, 0.8816]",3301,200,8,6,32,4,128.7,cuda,cut,0.05,8,float32,0.2765187413343975,20
delay,s4400,0,gcn,softplus,0.5,4400,0.1677098281503916,0.23639128890408434,0.16942913129491816,0.16726009848360043,False,True,True,"[0.06969, 0.04257, 0.04251]",[],3301,200,8,6,32,4,20.3,cuda,cut,0.05,8,float32,0.237143115375695,20
delay,s4400,0,heat,softplus,0.5,4400,0.16767223783883367,0.23538874941923704,0.16940397601987406,0.16726009848360043,False,True,True,"[0.06972, 0.04255, 0.04249]","[0.639, 0.7132, 0.7445, 0.7656]",3301,200,8,6,32,4,68.0,cuda,cut,0.05,8,float32,0.237143115375695,20
delay,s4400,0,qw,softplus,0.5,4400,0.16708476031511302,0.23198177181382276,0.16881349951441568,0.16726009848360043,True,True,True,"[0.06969, 0.04245, 0.04224]","[0.8409, 0.364, 0.3729, 0.3877]",3301,200,8,6,32,4,131.4,cuda,cut,0.05,8,float32,0.237143115375695,20
delay,s4400,1,gcn,softplus,0.5,4400,0.17013551384794426,0.23775769928227145,0.17583034609809559,0.16960492224197932,False,True,True,"[0.05845, 0.04561, 0.04542]",[],3301,200,8,6,32,4,21.3,cuda,cut,0.05,8,float32,0.2396923239194395,20
delay,s4400,1,heat,softplus,0.5,4400,0.1704112302728357,0.23735932851627517,0.17611074194677218,0.16960492224197932,False,True,True,"[0.05843, 0.04563, 0.04558]","[1.0835, 0.8531, 0.7507, 0.7849]",3301,200,8,6,32,4,68.4,cuda,cut,0.05,8,float32,0.2396923239194395,20
delay,s4400,1,qw,softplus,0.5,4400,0.1703178756900491,0.23744641675763653,0.17600603140578394,0.16960492224197932,False,True,True,"[0.05869, 0.04561, 0.04553]","[0.7285, 1.0693, 0.5968, 0.6086]",3301,200,8,6,32,4,131.4,cuda,cut,0.05,8,float32,0.2396923239194395,20
delay,s4400,2,gcn,softplus,0.5,4400,0.16900003421547202,0.2381504042907828,0.1705490205981451,0.1683406888620547,False,True,True,"[0.05132, 0.04291, 0.04289]",[],3301,200,8,6,32,4,21.3,cuda,cut,0.05,8,float32,0.23419693604385983,20
delay,s4400,2,heat,softplus,0.5,4400,0.16898879459921523,0.23762109846401316,0.17053927653156942,0.1683406888620547,False,True,True,"[0.0513, 0.04291, 0.04289]","[0.8698, 0.9576, 0.9703, 0.9738]",3301,200,8,6,32,4,68.4,cuda,cut,0.05,8,float32,0.23419693604385983,20
delay,s4400,2,qw,softplus,0.5,4400,0.1689878217825511,0.2376244501825755,0.17053830537802156,0.1683406888620547,False,True,True,"[0.05128, 0.04291, 0.04289]","[0.7439, 0.9544, 0.9856, 0.9805]",3301,200,8,6,32,4,131.4,cuda,cut,0.05,8,float32,0.23419693604385983,20
delay,s4400,3,gcn,softplus,0.5,4400,0.17549529160078345,0.24199656502547204,0.16665276708741494,0.17430391645131307,False,False,True,"[0.04569, 0.04195, 0.04146]",[],3301,200,8,6,32,4,20.7,cuda,cut,0.05,8,float32,0.23789579022809582,20
delay,s4400,3,heat,softplus,0.5,4400,0.17438795574928392,0.23798889539388732,0.1657084920399542,0.17430391645131307,False,False,True,"[0.0457, 0.04192, 0.04136]","[2.2249, 0.3855, 0.2134, 0.2126]",3301,200,8,6,32,4,67.8,cuda,cut,0.05,8,float32,0.23789579022809582,20
delay,s4400,3,qw,softplus,0.5,4400,0.1683786951898858,0.19643748388610474,0.15849646735072548,0.17430391645131307,True,True,True,"[0.04569, 0.04163, 0.039]","[2.2654, 1.8225, 1.1347, 1.3004]",3301,200,8,6,32,4,131.1,cuda,cut,0.05,8,float32,0.23789579022809582,20
delay,s4400,4,gcn,softplus,0.5,4400,0.16330858800759554,0.23636392568537637,0.17051758791228747,0.16174229330836554,False,True,True,"[0.05291, 0.04276, 0.04269]",[],3301,200,8,6,32,4,20.9,cuda,cut,0.05,8,float32,0.22861410547812203,20
delay,s4400,4,heat,softplus,0.5,4400,0.16325482400841515,0.23543006118191698,0.17046727557998648,0.16174229330836554,False,True,True,"[0.05307, 0.04273, 0.04267]","[1.477, 0.7633, 0.7928, 0.7746]",3301,200,8,6,32,4,68.5,cuda,cut,0.05,8,float32,0.22861410547812203,20
delay,s4400,4,qw,softplus,0.5,4400,0.16326763809265246,0.23547680382250621,0.17047964548262162,0.16174229330836554,False,True,True,"[0.05307, 0.04273, 0.04267]","[0.8756, 0.7812, 0.8156, 0.7972]",3301,200,8,6,32,4,131.6,cuda,cut,0.05,8,float32,0.22861410547812203,20
delay,s4400,5,gcn,softplus,0.5,4400,0.16847224229123006,0.23027148151139298,0.17494559131135412,0.16836669241524457,False,True,True,"[0.06172, 0.04506, 0.04493]",[],3301,200,8,6,32,4,21.3,cuda,cut,0.05,8,float32,0.23681671474095223,20
delay,s4400,5,heat,softplus,0.5,4400,0.16855323228895114,0.2313181717910657,0.17498952739021412,0.16836669241524457,False,True,True,"[0.06175, 0.04508, 0.045]","[0.4948, 1.0168, 0.6392, 0.6229]",3301,200,8,6,32,4,67.9,cuda,cut,0.05,8,float32,0.23681671474095223,20
delay,s4400,5,qw,softplus,0.5,4400,0.16786974842937055,0.22929716794492164,0.17457908481863507,0.16836669241524457,True,True,True,"[0.06137, 0.04504, 0.04483]","[0.7369, 1.3438, 0.3667, 0.3543]",3301,200,8,6,32,4,131.1,cuda,cut,0.05,8,float32,0.23681671474095223,20
delay,s4400,6,gcn,softplus,0.5,4400,0.16669792434890318,0.23379576353285123,0.17074167687379732,0.16633368789766928,False,True,True,"[0.05365, 0.04297, 0.04293]",[],3301,200,8,6,32,4,21.4,cuda,cut,0.05,8,float32,0.23717979226236227,20
delay,s4400,6,heat,softplus,0.5,4400,0.16667638190723885,0.23331272081524834,0.1707205450646738,0.16633368789766928,False,True,True,"[0.0541, 0.04296, 0.04292]","[1.5515, 0.4524, 0.4612, 0.4669]",3301,200,8,6,32,4,68.1,cuda,cut,0.05,8,float32,0.23717979226236227,20
delay,s4400,6,qw,softplus,0.5,4400,0.16668169818774473,0.23333651138470426,0.17072620269352973,0.16633368789766928,False,True,True,"[0.05376, 0.04296, 0.04292]","[0.8625, 0.5061, 0.5362, 0.5319]",3301,200,8,6,32,4,130.9,cuda,cut,0.05,8,float32,0.23717979226236227,20
delay,s4400,7,gcn,softplus,0.5,4400,0.16997095070214885,0.24692584811492366,0.17020126375172617,0.16669415874124474,False,True,True,"[0.05041, 0.04314, 0.04306]",[],3301,200,8,6,32,4,17.3,cuda,cut,0.05,8,float32,0.23005666591821175,20
delay,s4400,7,heat,softplus,0.5,4400,0.16946634034315744,0.2421772125376679,0.17051504872711534,0.16669415874124474,False,True,True,"[0.05024, 0.04312, 0.04307]","[1.063, 0.7671, 0.7742, 0.7721]",3301,200,8,6,32,4,68.4,cuda,cut,0.05,8,float32,0.23005666591821175,20
delay,s4400,7,qw,softplus,0.5,4400,0.169520341878136,0.24236789266488104,0.17056231220309698,0.16669415874124474,False,True,True,"[0.05042, 0.04313, 0.04309]","[1.045, 0.8597, 0.8455, 0.8713]",3301,200,8,6,32,4,131.0,cuda,cut,0.05,8,float32,0.23005666591821175,20
delay,s4400,8,gcn,softplus,0.5,4400,0.16954878139604154,0.2048954494932531,0.1682585539056295,0.16910345720450015,False,True,True,"[0.06023, 0.04251, 0.04172]",[],3301,200,8,6,32,4,20.7,cuda,cut,0.05,8,float32,0.23972916273679998,20
delay,s4400,8,heat,softplus,0.5,4400,0.17074288562432313,0.22390349231910775,0.17046085504447217,0.16910345720450015,False,True,True,"[0.06041, 0.04272, 0.04267]","[1.0279, 0.5609, 0.6149, 0.6079]",3301,200,8,6,32,4,67.9,cuda,cut,0.05,8,float32,0.23972916273679998,20
delay,s4400,8,qw,softplus,0.5,4400,0.17046710514024285,0.22270932213364858,0.1701708846900411,0.16910345720450015,False,True,True,"[0.06027, 0.04267, 0.04254]","[0.7962, 0.4684, 0.364, 0.3637]",3301,200,8,6,32,4,131.0,cuda,cut,0.05,8,float32,0.23972916273679998,20
delay,s4400,9,gcn,softplus,0.5,4400,0.1667951495892361,0.2436848033452038,0.17178801555289697,0.1642397570173136,False,True,True,"[0.05174, 0.04363, 0.04363]",[],3301,200,8,6,32,4,20.7,cuda,cut,0.05,8,float32,0.2318317826512447,20
delay,s4400,9,heat,softplus,0.5,4400,0.1668002276611338,0.24363254526218672,0.1717914970839047,0.1642397570173136,False,True,True,"[0.0518, 0.04364, 0.04363]","[0.753, 0.7342, 0.7301, 0.7699]",3301,200,8,6,32,4,67.8,cuda,cut,0.05,8,float32,0.2318317826512447,20
delay,s4400,9,qw,softplus,0.5,4400,0.1519773644172749,0.204052203014903,0.16062355825611369,0.1642397570173136,True,True,True,"[0.05178, 0.04352, 0.04126]","[0.741, 2.5155, 1.2275, 0.7296]",3301,200,8,6,32,4,130.9,cuda,cut,0.05,8,float32,0.2318317826512447,20
hops,s3168,0,gcn,softplus,0.5,3168,0.18158417215464193,0.2677565192226911,0.18897805480178295,0.18145969069973641,False,True,True,"[0.07396, 0.05021, 0.04995]",[],3301,200,8,6,32,4,9.4,cuda,cut,0.05,8,float32,0.2733522829962756,20
hops,s3168,0,heat,softplus,0.5,3168,0.17989763934855107,0.2620132671658648,0.18761003197457715,0.18145969069973641,True,True,True,"[0.07393, 0.05004, 0.04942]","[1.6743, 0.2233, 0.2161, 0.2221]",3301,200,8,6,32,4,28.8,cuda,cut,0.05,8,float32,0.2733522829962756,20
hops,s3168,0,qw,softplus,0.5,3168,0.17786664910683478,0.2541915776414641,0.18611257700978617,0.18145969069973641,True,True,True,"[0.0739, 0.04986, 0.04882]","[0.9553, 0.6134, 0.5147, 0.5048]",3301,200,8,6,32,4,54.7,cuda,cut,0.05,8,float32,0.2733522829962756,20
hops,s3168,1,gcn,softplus,0.5,3168,0.19232227461924464,0.2732906431723047,0.2051931601050786,0.19040591222322656,False,True,True,"[0.06836, 0.05705, 0.057]",[],3301,200,8,6,32,4,13.2,cuda,cut,0.05,8,float32,0.28291310491861643,20
hops,s3168,1,heat,softplus,0.5,3168,0.19227829837786684,0.27247652209205214,0.2051516126220572,0.19040591222322656,False,True,True,"[0.0683, 0.05703, 0.05696]","[1.2644, 1.1201, 1.0837, 1.0985]",3301,200,8,6,32,4,28.5,cuda,cut,0.05,8,float32,0.28291310491861643,20
hops,s3168,1,qw,softplus,0.5,3168,0.19208066168524204,0.2723623174362502,0.20494337471278745,0.19040591222322656,False,True,True,"[0.06854, 0.05701, 0.05687]","[0.7444, 1.0515, 0.9532, 0.9674]",3301,200,8,6,32,4,54.4,cuda,cut,0.05,8,float32,0.28291310491861643,20
hops,s3168,2,gcn,softplus,0.5,3168,0.1898678957623028,0.2797924351077777,0.19130022419237935,0.18885280880767394,False,True,True,"[0.05818, 0.05116, 0.05112]",[],3301,200,8,6,32,4,13.2,cuda,cut,0.05,8,float32,0.27335988091577906,20
hops,s3168,2,heat,softplus,0.5,3168,0.1898620822962753,0.27940616257833956,0.19129159336385196,0.18885280880767394,False,True,True,"[0.05817, 0.05115, 0.05111]","[1.0714, 1.0516, 1.0486, 1.0512]",3301,200,8,6,32,4,28.6,cuda,cut,0.05,8,float32,0.27335988091577906,20
hops,s3168,2,qw,softplus,0.5,3168,0.18986402047732967,0.27940064724801844,0.19129301004542149,0.18885280880767394,False,True,True,"[0.05816, 0.05115, 0.05111]","[1.1182, 1.1071, 1.1118, 1.1136]",3301,200,8,6,32,4,54.4,cuda,cut,0.05,8,float32,0.27335988091577906,20
hops,s3168,3,gcn,softplus,0.5,3168,0.20056330037911999,0.2835108727121514,0.18143872050286242,0.19969980827360634,False,False,True,"[0.05201, 0.04885, 0.04689]",[],3301,200,8,6,32,4,13.2,cuda,cut,0.05,8,float32,0.28059882068210995,20
hops,s3168,3,heat,softplus,0.5,3168,0.1980527412697637,0.2709584206276931,0.17533440119234112,0.19969980827360634,True,True,True,"[0.05206, 0.04883, 0.04574]","[2.2232, 0.9299, 0.6622, 0.6626]",3301,200,8,6,32,4,28.5,cuda,cut,0.05,8,float32,0.28059882068210995,20
hops,s3168,3,qw,softplus,0.5,3168,0.1883781323514554,0.2215088799242905,0.16445376485353336,0.19969980827360634,True,True,True,"[0.05199, 0.04785, 0.04217]","[2.1744, 2.0128, 1.6193, 1.5151]",3301,200,8,6,32,4,54.4,cuda,cut,0.05,8,float32,0.28059882068210995,20
hops,s3168,4,gcn,softplus,0.5,3168,0.18047469771433441,0.2718111222839093,0.18385717005870478,0.1793584594746459,False,True,True,"[0.05685, 0.04823, 0.04806]",[],3301,200,8,6,32,4,13.2,cuda,cut,0.05,8,float32,0.26918628746396744,20
hops,s3168,4,heat,softplus,0.5,3168,0.18047606324959667,0.2714649572593824,0.18385623730504486,0.1793584594746459,False,True,True,"[0.05704, 0.0482, 0.04805]","[1.5819, 0.7758, 0.799, 0.7809]",3301,200,8,6,32,4,28.5,cuda,cut,0.05,8,float32,0.26918628746396744,20
hops,s3168,4,qw,softplus,0.5,3168,0.18043416271770926,0.2712803813120866,0.18382236291933687,0.1793584594746459,False,True,True,"[0.05701, 0.0482, 0.04804]","[0.9045, 0.7593, 0.7708, 0.7528]",3301,200,8,6,32,4,54.4,cuda,cut,0.05,8,float32,0.26918628746396744,20
hops,s3168,5,gcn,softplus,0.5,3168,0.18447902816007156,0.2691231534053129,0.19727198571960955,0.18268675369910994,False,True,True,"[0.06789, 0.05373, 0.05363]",[],3301,200,8,6,32,4,13.2,cuda,cut,0.05,8,float32,0.2718316066357322,20
hops,s3168,5,heat,softplus,0.5,3168,0.18471565438065637,0.2696262972522838,0.19743024124078937,0.18268675369910994,False,True,True,"[0.06766, 0.05375, 0.05372]","[0.7638, 1.1357, 1.1338, 1.1215]",3301,200,8,6,32,4,28.5,cuda,cut,0.05,8,float32,0.2718316066357322,20
hops,s3168,5,qw,softplus,0.5,3168,0.18468148779445046,0.26962066141228297,0.1974077672288092,0.18268675369910994,False,True,True,"[0.06788, 0.05374, 0.05371]","[1.1917, 1.0494, 1.0394, 1.0449]",3301,200,8,6,32,4,54.4,cuda,cut,0.05,8,float32,0.2718316066357322,20
hops,s3168,6,gcn,softplus,0.5,3168,0.18256500735232192,0.27030457550908576,0.18676749511822974,0.18185050115408688,False,True,True,"[0.05852, 0.04925, 0.04916]",[],3301,200,8,6,32,4,13.2,cuda,cut,0.05,8,float32,0.2743894027213865,20
hops,s3168,6,heat,softplus,0.5,3168,0.18248381497011512,0.26975889275377024,0.18669273807153322,0.18185050115408688,False,True,True,"[0.05872, 0.04923, 0.04913]","[1.5365, 0.4293, 0.436, 0.4406]",3301,200,8,6,32,4,28.9,cuda,cut,0.05,8,float32,0.2743894027213865,20
hops,s3168,6,qw,softplus,0.5,3168,0.18244126536597274,0.2695792184917453,0.18665842682263117,0.18185050115408688,False,True,True,"[0.05856, 0.04923, 0.04912]","[0.9181, 0.5337, 0.4547, 0.4514]",3301,200,8,6,32,4,54.8,cuda,cut,0.05,8,float32,0.2743894027213865,20
hops,s3168,7,gcn,softplus,0.5,3168,0.18365760947588827,0.25082059791326755,0.18812320898613313,0.18507136827534076,True,True,True,"[0.05623, 0.05009, 0.04943]",[],3301,200,8,6,32,4,13.5,cuda,cut,0.05,8,float32,0.26741651358657087,20
hops,s3168,7,heat,softplus,0.5,3168,0.18615366316245444,0.27856384847302434,0.18839519166060126,0.18507136827534076,False,True,True,"[0.05611, 0.05005, 0.04989]","[1.1048, 0.9763, 0.6313, 0.6306]",3301,200,8,6,32,4,28.8,cuda,cut,0.05,8,float32,0.26741651358657087,20
hops,s3168,7,qw,softplus,0.5,3168,0.18653934180227175,0.28009291193979086,0.18869244159981868,0.18507136827534076,False,True,True,"[0.05624, 0.05007, 0.04999]","[1.1653, 0.8558, 0.848, 0.867]",3301,200,8,6,32,4,54.7,cuda,cut,0.05,8,float32,0.26741651358657087,20
hops,s3168,8,gcn,softplus,0.5,3168,0.19018063425915066,0.25237229442228143,0.19028434113848064,0.1912017751366342,True,True,True,"[0.06675, 0.0517, 0.05018]",[],3301,200,8,6,32,4,13.2,cuda,cut,0.05,8,float32,0.2826095126381792,20
hops,s3168,8,heat,softplus,0.5,3168,0.19300344839997066,0.2761945740780886,0.19370203834915453,0.1912017751366342,False,True,True,"[0.06687, 0.05205, 0.05198]","[1.1188, 0.7117, 0.7823, 0.7723]",3301,200,8,6,32,4,28.5,cuda,cut,0.05,8,float32,0.2826095126381792,20
hops,s3168,8,qw,softplus,0.5,3168,0.18339529015090136,0.26233063464458806,0.18523413533414834,0.1912017751366342,True,True,True,"[0.06668, 0.05151, 0.0494]","[1.9656, 1.3159, 1.1877, 1.0667]",3301,200,8,6,32,4,54.4,cuda,cut,0.05,8,float32,0.2826095126381792,20
hops,s3168,9,gcn,softplus,0.5,3168,0.1779485178180137,0.27048911638871886,0.19006235136417082,0.17697521552400586,False,True,True,"[0.05766, 0.05061, 0.05057]",[],3301,200,8,6,32,4,13.5,cuda,cut,0.05,8,float32,0.26738294438242854,20
hops,s3168,9,heat,softplus,0.5,3168,0.17802277545473869,0.2708570744734234,0.19010679298618482,0.17697521552400586,False,True,True,"[0.05773, 0.05062, 0.05059]","[0.7671, 0.7373, 0.7371, 0.7414]",3301,200,8,6,32,4,28.5,cuda,cut,0.05,8,float32,0.26738294438242854,20
hops,s3168,9,qw,softplus,0.5,3168,0.15477054252632014,0.1889509126938617,0.17253223836884687,0.17697521552400586,True,True,True,"[0.05768, 0.05019, 0.04486]","[1.5869, 2.233, 1.9181, 1.1261]",3301,200,8,6,32,4,54.7,cuda,cut,0.05,8,float32,0.26738294438242854,20
delay,s3168,0,gcn,softplus,0.5,3168,0.16756312335181475,0.24229025768038978,0.17093497415091885,0.1670811829159232,False,True,True,"[0.07001, 0.04322, 0.04313]",[],3301,200,8,6,32,4,13.7,cuda,cut,0.05,8,float32,0.2429690204103665,20
delay,s3168,0,heat,softplus,0.5,3168,0.16648365288385095,0.23691891372049576,0.1699627422726689,0.1670811829159232,True,True,True,"[0.07007, 0.04307, 0.04275]","[1.5488, 0.2619, 0.2717, 0.2804]",3301,200,8,6,32,4,29.6,cuda,cut,0.05,8,float32,0.2429690204103665,20
delay,s3168,0,qw,softplus,0.5,3168,0.16676378607839504,0.23782800542540494,0.1702210077344698,0.1670811829159232,True,True,True,"[0.07002, 0.04306, 0.0428]","[0.7627, 0.3544, 0.364, 0.3782]",3301,200,8,6,32,4,55.5,cuda,cut,0.05,8,float32,0.2429690204103665,20
delay,s3168,1,gcn,softplus,0.5,3168,0.16939483004164926,0.24547632707615608,0.1764707042503237,0.16971510523350664,True,True,True,"[0.05896, 0.04591, 0.04561]",[],3301,200,8,6,32,4,14.5,cuda,cut,0.05,8,float32,0.24401424813285896,20
delay,s3168,1,heat,softplus,0.5,3168,0.1698826131406879,0.2449466995921712,0.1769592212319431,0.16971510523350664,False,True,True,"[0.05894, 0.04601, 0.04594]","[1.1315, 0.9078, 0.8359, 0.8592]",3301,200,8,6,32,4,29.6,cuda,cut,0.05,8,float32,0.24401424813285896,20
delay,s3168,1,qw,softplus,0.5,3168,0.16967593656862834,0.2449393358455029,0.17674161665288718,0.16971510523350664,True,True,True,"[0.0592, 0.04599, 0.04584]","[0.731, 1.1279, 0.6408, 0.6509]",3301,200,8,6,32,4,55.5,cuda,cut,0.05,8,float32,0.24401424813285896,20
delay,s3168,2,gcn,softplus,0.5,3168,0.16871607751877168,0.2419338652280523,0.17143137309022044,0.16746935214195088,False,True,True,"[0.05165, 0.04321, 0.04317]",[],3301,200,8,6,32,4,13.8,cuda,cut,0.05,8,float32,0.23893269339868084,20
delay,s3168,2,heat,softplus,0.5,3168,0.16870603484324231,0.24138128887925414,0.17141678478520875,0.16746935214195088,False,True,True,"[0.05169, 0.0432, 0.04317]","[0.9508, 1.0153, 1.0268, 1.0298]",3301,200,8,6,32,4,29.6,cuda,cut,0.05,8,float32,0.23893269339868084,20
delay,s3168,2,qw,softplus,0.5,3168,0.16872209671144733,0.2414434623312686,0.17142887739031024,0.16746935214195088,False,True,True,"[0.05168, 0.04321, 0.04317]","[0.9033, 1.1409, 1.1583, 1.1597]",3301,200,8,6,32,4,55.4,cuda,cut,0.05,8,float32,0.23893269339868084,20
delay,s3168,3,gcn,softplus,0.5,3168,0.17569685658532697,0.2403293458960676,0.16615393730318478,0.17456477681518434,False,True,True,"[0.04591, 0.04206, 0.04127]",[],3301,200,8,6,32,4,10.5,cuda,cut,0.05,8,float32,0.24098371088361037,20
delay,s3168,3,heat,softplus,0.5,3168,0.17313052295878262,0.23623071095703685,0.1610311718560306,0.17456477681518434,True,True,True,"[0.04591, 0.04203, 0.03982]","[2.3457, 0.9097, 0.7873, 0.6768]",3301,200,8,6,32,4,29.9,cuda,cut,0.05,8,float32,0.24098371088361037,20
delay,s3168,3,qw,softplus,0.5,3168,0.16977497506797548,0.21750880702612466,0.15938012481380767,0.17456477681518434,True,True,True,"[0.04591, 0.04196, 0.03963]","[1.5644, 1.1951, 1.2554, 1.1804]",3301,200,8,6,32,4,55.5,cuda,cut,0.05,8,float32,0.24098371088361037,20
delay,s3168,4,gcn,softplus,0.5,3168,0.16787513954916136,0.24116615484468884,0.1678912231125816,0.1676993677753215,False,True,True,"[0.05224, 0.04167, 0.04156]",[],3301,200,8,6,32,4,13.7,cuda,cut,0.05,8,float32,0.24142058346651765,20
delay,s3168,4,heat,softplus,0.5,3168,0.16781257707092548,0.24027591753275823,0.16782717761603322,0.1676993677753215,False,True,True,"[0.05238, 0.04163, 0.04152]","[1.5012, 0.7688, 0.7958, 0.7775]",3301,200,8,6,32,4,29.6,cuda,cut,0.05,8,float32,0.24142058346651765,20
delay,s3168,4,qw,softplus,0.5,3168,0.16783300497308876,0.2403361096017633,0.16784808832546166,0.1676993677753215,False,True,True,"[0.05238, 0.04164, 0.04153]","[0.8694, 0.7821, 0.8113, 0.7931]",3301,200,8,6,32,4,55.5,cuda,cut,0.05,8,float32,0.24142058346651765,20
delay,s3168,5,gcn,softplus,0.5,3168,0.17015322312882786,0.23432070508389535,0.17248103618163957,0.1695395661645368,False,True,True,"[0.06089, 0.04405, 0.04383]",[],3301,200,8,6,32,4,14.3,cuda,cut,0.05,8,float32,0.24596915360898364,20
delay,s3168,5,heat,softplus,0.5,3168,0.17073105486374043,0.2369167655937073,0.17291906187088127,0.1695395661645368,False,True,True,"[0.06092, 0.04408, 0.04404]","[0.9347, 0.9212, 0.9128, 0.8966]",3301,200,8,6,32,4,29.6,cuda,cut,0.05,8,float32,0.24596915360898364,20
delay,s3168,5,qw,softplus,0.5,3168,0.17055758871533988,0.23655589636452143,0.17277759151884403,0.1695395661645368,False,True,True,"[0.06085, 0.04406, 0.04398]","[0.7471, 0.7985, 0.6151, 0.6033]",3301,200,8,6,32,4,55.4,cuda,cut,0.05,8,float32,0.24596915360898364,20
delay,s3168,6,gcn,softplus,0.5,3168,0.16752878913611977,0.2364819820704311,0.16966131231898968,0.16648470040141083,False,True,True,"[0.0536, 0.04259, 0.04252]",[],3301,200,8,6,32,4,14.2,cuda,cut,0.05,8,float32,0.24211817317078285,20
delay,s3168,6,heat,softplus,0.5,3168,0.16749045008680585,0.23599595536046783,0.16962578961932315,0.16648470040141083,False,True,True,"[0.05406, 0.04257, 0.0425]","[1.5301, 0.4451, 0.4526, 0.4575]",3301,200,8,6,32,4,29.6,cuda,cut,0.05,8,float32,0.24211817317078285,20
delay,s3168,6,qw,softplus,0.5,3168,0.16749193828697204,0.235977155321881,0.1696288674358235,0.16648470040141083,False,True,True,"[0.05372, 0.04258, 0.0425]","[0.853, 0.4884, 0.513, 0.5094]",3301,200,8,6,32,4,55.5,cuda,cut,0.05,8,float32,0.24211817317078285,20
delay,s3168,7,gcn,softplus,0.5,3168,0.16843461406153393,0.2406348986020759,0.1696966327184819,0.16903304502276642,True,True,True,"[0.05063, 0.04334, 0.04307]",[],3301,200,8,6,32,4,14.2,cuda,cut,0.05,8,float32,0.23704395278505386,20
delay,s3168,7,heat,softplus,0.5,3168,0.1704938241502275,0.2517881915178459,0.1711744744143748,0.16903304502276642,False,True,True,"[0.05041, 0.04332, 0.04322]","[0.9227, 0.7159, 0.7194, 0.7178]",3301,200,8,6,32,4,29.5,cuda,cut,0.05,8,float32,0.23704395278505386,20
delay,s3168,7,qw,softplus,0.5,3168,0.17064991924488015,0.25232295506549857,0.17131449338602112,0.16903304502276642,False,True,True,"[0.05063, 0.04333, 0.04327]","[1.1157, 0.8663, 0.8587, 0.8812]",3301,200,8,6,32,4,55.5,cuda,cut,0.05,8,float32,0.23704395278505386,20
delay,s3168,8,gcn,softplus,0.5,3168,0.17115567561275458,0.22094434568862345,0.1702040161409711,0.17193813426688595,True,True,True,"[0.06078, 0.04396, 0.04297]",[],3301,200,8,6,32,4,10.7,cuda,cut,0.05,8,float32,0.2465726510254902,20
delay,s3168,8,heat,softplus,0.5,3168,0.17299576536158448,0.24383958278084394,0.17262794794905031,0.17193813426688595,False,True,True,"[0.06089, 0.04409, 0.04402]","[1.0643, 0.5686, 0.6385, 0.6285]",3301,200,8,6,32,4,30.0,cuda,cut,0.05,8,float32,0.2465726510254902,20
delay,s3168,8,qw,softplus,0.5,3168,0.16073952131461341,0.18301819529560015,0.15873967332678296,0.17193813426688595,True,True,True,"[0.06084, 0.04303, 0.03883]","[1.9718, 1.7897, 1.7277, 1.806]",3301,200,8,6,32,4,55.8,cuda,cut,0.05,8,float32,0.2465726510254902,20
delay,s3168,9,gcn,softplus,0.5,3168,0.16828197635107978,0.2438239677140046,0.17170726751790039,0.1672302332407578,False,True,True,"[0.05209, 0.04348, 0.04347]",[],3301,200,8,6,32,4,14.5,cuda,cut,0.05,8,float32,0.2407107049752398,20
delay,s3168,9,heat,softplus,0.5,3168,0.16831168838534996,0.2439182127367623,0.1717317201893655,0.1672302332407578,False,True,True,"[0.05215, 0.04349, 0.04347]","[0.8237, 0.7963, 0.7949, 0.8174]",3301,200,8,6,32,4,29.9,cuda,cut,0.05,8,float32,0.2407107049752398,20
delay,s3168,9,qw,softplus,0.5,3168,0.1543112231668078,0.1864353314744441,0.15996411685351042,0.1672302332407578,True,True,True,"[0.05214, 0.0431, 0.03912]","[1.5782, 2.4229, 1.3356, 0.94]",3301,200,8,6,32,4,55.5,cuda,cut,0.05,8,float32,0.2407107049752398,20
hops,s1584,0,gcn,softplus,0.5,1584,0.20280715842968045,0.2856136456083072,0.2125882692602722,0.20284212697399248,True,True,True,"[0.08443, 0.06119, 0.06078]",[],3301,200,8,6,32,4,8.5,cuda,cut,0.05,8,float32,0.29289856883747234,20
hops,s1584,0,heat,softplus,0.5,1584,0.1945625512491479,0.25936979576302566,0.20579437800180966,0.20284212697399248,True,True,True,"[0.08439, 0.06069, 0.05848]","[1.7348, 0.4255, 0.2558, 0.2594]",3301,200,8,6,32,4,10.4,cuda,cut,0.05,8,float32,0.29289856883747234,20
hops,s1584,0,qw,softplus,0.5,1584,0.19988071521225162,0.27309806891090277,0.2102573028747392,0.20284212697399248,True,True,True,"[0.08434, 0.06089, 0.05978]","[0.9392, 0.6451, 0.3261, 0.3389]",3301,200,8,6,32,4,10.8,cuda,cut,0.05,8,float32,0.29289856883747234,20
hops,s1584,1,gcn,softplus,0.5,1584,0.21526970938733947,0.2836764512148115,0.22838962335119523,0.21422125618812327,False,True,True,"[0.08064, 0.06922, 0.06859]",[],3301,200,8,6,32,4,8.3,cuda,cut,0.05,8,float32,0.30389307316246,20
hops,s1584,1,heat,softplus,0.5,1584,0.21643613142969542,0.290161542429949,0.2293479784572323,0.21422125618812327,False,True,True,"[0.08061, 0.06955, 0.06938]","[1.4333, 0.7023, 0.5924, 0.5998]",3301,200,8,6,32,4,10.3,cuda,cut,0.05,8,float32,0.30389307316246,20
hops,s1584,1,qw,softplus,0.5,1584,0.21530210714895429,0.2888008883546107,0.2281906086186563,0.21422125618812327,False,True,True,"[0.08083, 0.06947, 0.06896]","[0.757, 1.4674, 0.4535, 0.4501]",3301,200,8,6,32,4,12.1,cuda,cut,0.05,8,float32,0.30389307316246,20
hops,s1584,2,gcn,softplus,0.5,1584,0.21286032351615028,0.2991626585915156,0.21467004755230837,0.21167407191032386,False,False,True,"[0.06917, 0.06239, 0.06232]",[],3301,200,8,6,32,4,5.4,cuda,cut,0.05,8,float32,0.2918149112920989,20
hops,s1584,2,heat,softplus,0.5,1584,0.21284783985199227,0.2988196024352349,0.21465665836038886,0.21167407191032386,False,False,True,"[0.06915, 0.06238, 0.06231]","[0.8213, 0.7922, 0.7916, 0.7922]",3301,200,8,6,32,4,8.7,cuda,cut,0.05,8,float32,0.2918149112920989,20
hops,s1584,2,qw,softplus,0.5,1584,0.2128748285704879,0.2988928912360203,0.21468150374424322,0.21167407191032386,False,True,True,"[0.06924, 0.06238, 0.06232]","[0.8078, 0.839, 0.8411, 0.8398]",3301,200,8,6,32,4,11.0,cuda,cut,0.05,8,float32,0.2918149112920989,20
hops,s1584,3,gcn,softplus,0.5,1584,0.22147186974538588,0.28190707651595726,0.20136389516722034,0.22380801566652261,True,True,True,"[0.06263, 0.05907, 0.05615]",[],3301,200,8,6,32,4,8.3,cuda,cut,0.05,8,float32,0.30001465975182123,20
hops,s1584,3,heat,softplus,0.5,1584,0.20867004249321755,0.22374168808879266,0.18930845609407476,0.22380801566652261,True,True,True,"[0.06263, 0.05869, 0.05046]","[2.3404, 1.5053, 1.3993, 1.0964]",3301,200,8,6,32,4,10.5,cuda,cut,0.05,8,float32,0.30001465975182123,20
hops,s1584,3,qw,softplus,0.5,1584,0.19877815084110143,0.25258225234307885,0.16846233618097625,0.22380801566652261,True,True,True,"[0.06263, 0.05853, 0.04906]","[2.1752, 1.6356, 1.7777, 1.5242]",3301,200,8,6,32,4,11.0,cuda,cut,0.05,8,float32,0.30001465975182123,20
hops,s1584,4,gcn,softplus,0.5,1584,0.20266898861311702,0.28869553515157226,0.20525526940720296,0.20166345434231991,False,True,True,"[0.06684, 0.05851, 0.05815]",[],3301,200,8,6,32,4,7.7,cuda,cut,0.05,8,float32,0.2875493682492633,20
hops,s1584,4,heat,softplus,0.5,1584,0.20256777623235575,0.2887883366274574,0.20515698306009672,0.20166345434231991,False,True,True,"[0.06713, 0.05848, 0.05815]","[1.7493, 0.4234, 0.4137, 0.4025]",3301,200,8,6,32,4,10.1,cuda,cut,0.05,8,float32,0.2875493682492633,20
hops,s1584,4,qw,softplus,0.5,1584,0.2026790490668731,0.2887012395075896,0.20526614454086878,0.20166345434231991,False,True,True,"[0.06712, 0.05848, 0.05817]","[0.8151, 0.5383, 0.4495, 0.4377]",3301,200,8,6,32,4,10.8,cuda,cut,0.05,8,float32,0.2875493682492633,20
hops,s1584,5,gcn,softplus,0.5,1584,0.20749969487250955,0.2858029721451619,0.22126566509909062,0.20494496734869297,False,True,True,"[0.07903, 0.06552, 0.06538]",[],3301,200,8,6,32,4,7.7,cuda,cut,0.05,8,float32,0.28995785954405556,20
hops,s1584,5,heat,softplus,0.5,1584,0.20366346412134492,0.25836884330560883,0.21798630475391154,0.20494496734869297,True,True,True,"[0.07912, 0.06554, 0.06459]","[1.2798, 0.9168, 0.6284, 0.3398]",3301,200,8,6,32,4,10.1,cuda,cut,0.05,8,float32,0.28995785954405556,20
hops,s1584,5,qw,softplus,0.5,1584,0.20671437193109632,0.28429274436734325,0.22061836021373782,0.20494496734869297,False,True,True,"[0.07931, 0.0655, 0.06518]","[0.7127, 1.311, 0.354, 0.339]",3301,200,8,6,32,4,10.8,cuda,cut,0.05,8,float32,0.28995785954405556,20
hops,s1584,6,gcn,softplus,0.5,1584,0.2042580626521617,0.2884605675372078,0.2089615514854115,0.20352606689957245,False,True,True,"[0.06883, 0.05979, 0.0596]",[],3301,200,8,6,32,4,7.7,cuda,cut,0.05,8,float32,0.29468145136268387,20
hops,s1584,6,heat,softplus,0.5,1584,0.19423131342555525,0.32003461139883854,0.2029489399309651,0.20352606689957245,True,True,True,"[0.06887, 0.05964, 0.05707]","[2.7161, 0.639, 0.485, 0.2111]",3301,200,8,6,32,4,10.1,cuda,cut,0.05,8,float32,0.29468145136268387,20
hops,s1584,6,qw,softplus,0.5,1584,0.2038533832130778,0.2870714557464009,0.20857896936223652,0.20352606689957245,False,True,True,"[0.06884, 0.05976, 0.05947]","[0.8465, 0.5955, 0.2883, 0.2864]",3301,200,8,6,32,4,10.8,cuda,cut,0.05,8,float32,0.29468145136268387,20
hops,s1584,7,gcn,softplus,0.5,1584,0.20613289289709544,0.3032890311314672,0.2075110728634319,0.2073090134066238,True,True,True,"[0.06686, 0.06104, 0.05982]",[],3301,200,8,6,32,4,7.7,cuda,cut,0.05,8,float32,0.28540695962342993,20
hops,s1584,7,heat,softplus,0.5,1584,0.2055259353405975,0.28870398668796715,0.208812744032434,0.2073090134066238,True,False,True,"[0.06682, 0.06099, 0.06041]","[1.3657, 1.1652, 0.3246, 0.3208]",3301,200,8,6,32,4,10.1,cuda,cut,0.05,8,float32,0.28540695962342993,20
hops,s1584,7,qw,softplus,0.5,1584,0.20884372662872028,0.29979875684027296,0.21166823195050133,0.2073090134066238,False,False,True,"[0.06687, 0.06102, 0.06084]","[1.1225, 0.611, 0.5351, 0.5529]",3301,200,8,6,32,4,10.7,cuda,cut,0.05,8,float32,0.28540695962342993,20
hops,s1584,8,gcn,softplus,0.5,1584,0.21297975132588345,0.261261663592544,0.21151847507765825,0.2142830371220913,True,True,True,"[0.07765, 0.0626, 0.06011]",[],3301,200,8,6,32,4,7.7,cuda,cut,0.05,8,float32,0.3031558346890644,20
hops,s1584,8,heat,softplus,0.5,1584,0.2152286243130318,0.2853810007684845,0.21530158913928327,0.2142830371220913,False,True,True,"[0.07783, 0.06321, 0.06244]","[1.841, 0.1339, 0.1378, 0.1365]",3301,200,8,6,32,4,10.1,cuda,cut,0.05,8,float32,0.3031558346890644,20
hops,s1584,8,qw,softplus,0.5,1584,0.1753476919870516,0.24029757525571704,0.17246570229392752,0.2142830371220913,True,True,True,"[0.07777, 0.06072, 0.0502]","[1.7549, 2.2002, 1.7843, 1.8522]",3301,200,8,6,32,4,10.7,cuda,cut,0.05,8,float32,0.3031558346890644,20
hops,s1584,9,gcn,softplus,0.5,1584,0.19798924421471378,0.28100237727117156,0.21358468801616878,0.1972476585583153,False,True,True,"[0.06856, 0.0618, 0.06165]",[],3301,200,8,6,32,4,7.7,cuda,cut,0.05,8,float32,0.2859626192448666,20
hops,s1584,9,heat,softplus,0.5,1584,0.19855454671964903,0.2890809686192172,0.213779242656657,0.1972476585583153,False,True,True,"[0.06862, 0.06181, 0.06176]","[0.6001, 0.5734, 0.573, 0.575]",3301,200,8,6,32,4,10.2,cuda,cut,0.05,8,float32,0.2859626192448666,20
hops,s1584,9,qw,softplus,0.5,1584,0.13452472656758294,0.2426346764452251,0.15601399539989852,0.1972476585583153,True,True,True,"[0.06859, 0.06021, 0.04696]","[1.2815, 2.5801, 1.9581, 1.2793]",3301,200,8,6,32,4,10.7,cuda,cut,0.05,8,float32,0.2859626192448666,20
delay,s1584,0,gcn,softplus,0.5,1584,0.1674530835871613,0.23145664382688905,0.1713559743381638,0.16718246888562172,False,True,True,"[0.07011, 0.04348, 0.04335]",[],3301,200,8,6,32,4,8.6,cuda,cut,0.05,8,float32,0.23142011562655515,20
delay,s1584,0,heat,softplus,0.5,1584,0.16573206258597484,0.22454111219654552,0.16977284199094006,0.16718246888562172,True,True,True,"[0.07017, 0.04331, 0.04277]","[1.588, 0.1333, 0.1384, 0.1427]",3301,200,8,6,32,4,10.7,cuda,cut,0.05,8,float32,0.23142011562655515,20
delay,s1584,0,qw,softplus,0.5,1584,0.16630289754210983,0.22571117092913842,0.17029780938945335,0.16718246888562172,True,True,True,"[0.07011, 0.04329, 0.04287]","[0.724, 0.2572, 0.2642, 0.2748]",3301,200,8,6,32,4,12.5,cuda,cut,0.05,8,float32,0.23142011562655515,20
delay,s1584,1,gcn,softplus,0.5,1584,0.16861364539275228,0.22016069240010605,0.1767245593599533,0.17031059692173203,True,True,True,"[0.05934, 0.04643, 0.04614]",[],3301,200,8,6,32,4,8.5,cuda,cut,0.05,8,float32,0.23514632530449575,20
delay,s1584,1,heat,softplus,0.5,1584,0.17014046911634695,0.2349408134517504,0.1778648522455537,0.17031059692173203,True,True,True,"[0.05931, 0.04642, 0.04625]","[1.0202, 0.2387, 0.192, 0.198]",3301,200,8,6,32,4,10.6,cuda,cut,0.05,8,float32,0.23514632530449575,20
delay,s1584,1,qw,softplus,0.5,1584,0.16894790749904395,0.23377117028849936,0.17671313311968168,0.17031059692173203,True,True,True,"[0.05956, 0.04633, 0.04584]","[1.282, 0.6883, 0.237, 0.2376]",3301,200,8,6,32,4,12.4,cuda,cut,0.05,8,float32,0.23514632530449575,20
delay,s1584,2,gcn,softplus,0.5,1584,0.16929410283913546,0.2304559643623274,0.17205830181869758,0.16813962006055974,False,True,True,"[0.05189, 0.04353, 0.04348]",[],3301,200,8,6,32,4,8.5,cuda,cut,0.05,8,float32,0.22760433742461253,20
delay,s1584,2,heat,softplus,0.5,1584,0.16926204691680624,0.22983846507328157,0.1720270601443263,0.16813962006055974,False,True,True,"[0.05197, 0.04352, 0.04347]","[0.6602, 0.4517, 0.4513, 0.4498]",3301,200,8,6,32,4,10.5,cuda,cut,0.05,8,float32,0.22760433742461253,20
delay,s1584,2,qw,softplus,0.5,1584,0.16928090813057417,0.23001094964917965,0.17204267633783416,0.16813962006055974,False,True,True,"[0.05196, 0.04353, 0.04347]","[0.6403, 0.5097, 0.5105, 0.5144]",3301,200,8,6,32,4,11.1,cuda,cut,0.05,8,float32,0.22760433742461253,20
delay,s1584,3,gcn,softplus,0.5,1584,0.17300833411613145,0.213027048723161,0.1648063375942369,0.17559238301889157,True,True,True,"[0.04608, 0.04221, 0.04073]",[],3301,200,8,6,32,4,8.5,cuda,cut,0.05,8,float32,0.23256354205315924,20
delay,s1584,3,heat,softplus,0.5,1584,0.16353476241492412,0.20784942427146644,0.15269282062857228,0.17559238301889157,True,True,True,"[0.04609, 0.04214, 0.03838]","[2.3502, 0.7679, 0.657, 0.5567]",3301,200,8,6,32,4,10.6,cuda,cut,0.05,8,float32,0.23256354205315924,20
delay,s1584,3,qw,softplus,0.5,1584,0.16424503051062422,0.18588161161575897,0.1567253460753368,0.17559238301889157,True,True,True,"[0.04609, 0.04205, 0.03857]","[1.5031, 0.9537, 1.0413, 0.9902]",3301,200,8,6,32,4,11.1,cuda,cut,0.05,8,float32,0.23256354205315924,20
delay,s1584,4,gcn,softplus,0.5,1584,0.16778857367323327,0.22961046749910682,0.16816956499509744,0.16771967093591966,False,True,True,"[0.0524, 0.04187, 0.04169]",[],3301,200,8,6,32,4,8.6,cuda,cut,0.05,8,float32,0.2300894549207899,20
delay,s1584,4,heat,softplus,0.5,1584,0.16763533226697258,0.22864623421487285,0.168027159853896,0.16771967093591966,True,True,True,"[0.05253, 0.04184, 0.04165]","[1.4097, 0.2228, 0.2292, 0.2225]",3301,200,8,6,32,4,10.7,cuda,cut,0.05,8,float32,0.2300894549207899,20
delay,s1584,4,qw,softplus,0.5,1584,0.16767284991015816,0.2286947901248034,0.16806446094341657,0.16771967093591966,True,True,True,"[0.05252, 0.04184, 0.04164]","[0.722, 0.3083, 0.3142, 0.3056]",3301,200,8,6,32,4,11.1,cuda,cut,0.05,8,float32,0.2300894549207899,20
delay,s1584,5,gcn,softplus,0.5,1584,0.17068472766060294,0.22298247935705495,0.17376397974507513,0.1695982223801528,False,True,True,"[0.06119, 0.0445, 0.04441]",[],3301,200,8,6,32,4,8.6,cuda,cut,0.05,8,float32,0.231928506338583,20
delay,s1584,5,heat,softplus,0.5,1584,0.1677043629796103,0.21678136603009124,0.17134731319733554,0.1695982223801528,True,True,True,"[0.06092, 0.04439, 0.04366]","[0.8532, 1.514, 0.1363, 0.1276]",3301,200,8,6,32,4,10.4,cuda,cut,0.05,8,float32,0.231928506338583,20
delay,s1584,5,qw,softplus,0.5,1584,0.16937510851027462,0.21055402778991447,0.17193810908359622,0.1695982223801528,True,True,True,"[0.06117, 0.0445, 0.04417]","[0.9242, 0.5156, 0.4455, 0.3105]",3301,200,8,6,32,4,10.8,cuda,cut,0.05,8,float32,0.231928506338583,20
delay,s1584,6,gcn,softplus,0.5,1584,0.16774242886840696,0.22617698548919563,0.17031676233021453,0.16698550508492424,False,True,True,"[0.05389, 0.04299, 0.04286]",[],3301,200,8,6,32,4,7.9,cuda,cut,0.05,8,float32,0.23130154359730828,20
delay,s1584,6,heat,softplus,0.5,1584,0.1676402257767942,0.22554765016141687,0.17021486301595673,0.16698550508492424,False,True,True,"[0.05434, 0.04297, 0.04282]","[1.3512, 0.1597, 0.1596, 0.1611]",3301,200,8,6,32,4,10.4,cuda,cut,0.05,8,float32,0.23130154359730828,20
delay,s1584,6,qw,softplus,0.5,1584,0.16761519840796188,0.22539871140147483,0.17018989808885368,0.16698550508492424,False,True,True,"[0.05401, 0.04297, 0.0428]","[0.7269, 0.2867, 0.2431, 0.2418]",3301,200,8,6,32,4,11.0,cuda,cut,0.05,8,float32,0.23130154359730828,20
delay,s1584,7,gcn,softplus,0.5,1584,0.17129752822968988,0.24846040335392716,0.16922885288739864,0.17015197013660807,False,True,True,"[0.05082, 0.04357, 0.04305]",[],3301,200,8,6,32,4,8.1,cuda,cut,0.05,8,float32,0.22817133965122297,20
delay,s1584,7,heat,softplus,0.5,1584,0.171144820101244,0.24136715936665376,0.17113473977885652,0.17015197013660807,False,True,True,"[0.05061, 0.04354, 0.04335]","[0.7895, 0.4825, 0.2715, 0.2711]",3301,200,8,6,32,4,10.6,cuda,cut,0.05,8,float32,0.22817133965122297,20
delay,s1584,7,qw,softplus,0.5,1584,0.17158836349652865,0.24286598238433552,0.1715168099074461,0.17015197013660807,False,True,True,"[0.05082, 0.04355, 0.04345]","[0.7378, 0.457, 0.3882, 0.4003]",3301,200,8,6,32,4,11.2,cuda,cut,0.05,8,float32,0.22817133965122297,20
delay,s1584,8,gcn,softplus,0.5,1584,0.16947570403397746,0.21285902739676887,0.16902508055287085,0.1725296807178078,True,True,True,"[0.06105, 0.04391, 0.04228]",[],3301,200,8,6,32,4,7.9,cuda,cut,0.05,8,float32,0.23603059260903947,20
delay,s1584,8,heat,softplus,0.5,1584,0.17189198467472444,0.22703381039795792,0.1717241416298555,0.1725296807178078,True,True,True,"[0.0612, 0.04446, 0.04423]","[1.1338, 0.1386, 0.144, 0.141]",3301,200,8,6,32,4,10.4,cuda,cut,0.05,8,float32,0.23603059260903947,20
delay,s1584,8,qw,softplus,0.5,1584,0.16659139941580928,0.2147379842844475,0.16622365115369456,0.1725296807178078,True,True,True,"[0.06118, 0.04446, 0.04287]","[1.0385, 0.7307, 0.7456, 0.6766]",3301,200,8,6,32,4,11.1,cuda,cut,0.05,8,float32,0.23603059260903947,20
delay,s1584,9,gcn,softplus,0.5,1584,0.1684413430406806,0.23245879946512468,0.17218198255160141,0.1675019948737404,False,True,True,"[0.05232, 0.04381, 0.04377]",[],3301,200,8,6,32,4,7.9,cuda,cut,0.05,8,float32,0.22982095839498537,20
delay,s1584,9,heat,softplus,0.5,1584,0.1685757088744997,0.23304748530203903,0.1722989493292801,0.1675019948737404,False,True,True,"[0.0524, 0.04381, 0.04378]","[0.4996, 0.427, 0.4232, 0.4323]",3301,200,8,6,32,4,10.3,cuda,cut,0.05,8,float32,0.22982095839498537,20
delay,s1584,9,qw,softplus,0.5,1584,0.15823757918085116,0.20100582336906836,0.16303865601190465,0.1675019948737404,True,True,True,"[0.05238, 0.04374, 0.04233]","[1.4045, 0.9198, 0.4563, 0.3891]",3301,200,8,6,32,4,11.0,cuda,cut,0.05,8,float32,0.22982095839498537,20
hops,s264,0,gcn,softplus,0.5,264,0.15519627173092554,0.19281323902679318,0.16497187927950907,0.19787345489374164,True,True,True,"[0.08439, 0.0573, 0.045]",[],3301,200,8,6,32,4,5.7,cuda,cut,0.05,8,float32,0.280693571562402,20
hops,s264,0,heat,softplus,0.5,264,0.1081715927628631,0.1123627142431124,0.11201133488000117,0.19787345489374164,True,True,True,"[0.08428, 0.05612, 0.03739]","[2.1736, 0.4571, 0.3286, 0.3289]",3301,200,8,6,32,4,8.3,cuda,cut,0.05,8,float32,0.280693571562402,20
hops,s264,0,qw,softplus,0.5,264,0.10428443538363684,0.11462185927515145,0.11042431387415326,0.19787345489374164,True,True,True,"[0.08422, 0.05632, 0.03869]","[1.4939, 0.8834, 0.6945, 0.7021]",3301,200,8,6,32,4,8.7,cuda,cut,0.05,8,float32,0.280693571562402,20
hops,s264,1,gcn,softplus,0.5,264,0.17197680846327032,0.2027595236277385,0.18193401972883183,0.20885174311791557,True,True,True,"[0.07824, 0.06296, 0.04861]",[],3301,200,8,6,32,4,5.7,cuda,cut,0.05,8,float32,0.29127543094454805,20
hops,s264,1,heat,softplus,0.5,264,0.1595258935298206,0.25092281991785403,0.17402438601570655,0.20885174311791557,True,True,True,"[0.07817, 0.06517, 0.05254]","[2.1112, 0.5772, 0.3017, 0.3608]",3301,200,8,6,32,4,8.2,cuda,cut,0.05,8,float32,0.29127543094454805,20
hops,s264,1,qw,softplus,0.5,264,0.07595394295405108,0.06918075137653593,0.06908499870174141,0.20885174311791557,True,True,True,"[0.07793, 0.06106, 0.02023]","[1.7654, 1.4939, 0.8195, 0.8419]",3301,200,8,6,32,4,8.8,cuda,cut,0.05,8,float32,0.29127543094454805,20
hops,s264,2,gcn,softplus,0.5,264,0.20143466881438712,0.36907969787467576,0.19953329364811495,0.20518608943728558,True,True,True,"[0.06802, 0.05741, 0.04851]",[],3301,200,8,6,32,4,5.7,cuda,cut,0.05,8,float32,0.28151911417235204,20
hops,s264,2,heat,softplus,0.5,264,0.1495266757185825,0.2649373976994787,0.15039481603977922,0.20518608943728558,True,True,True,"[0.06791, 0.06, 0.05347]","[1.0209, 0.583, 0.4845, 0.2749]",3301,200,8,6,32,4,8.3,cuda,cut,0.05,8,float32,0.28151911417235204,20
hops,s264,2,qw,softplus,0.5,264,0.1351527834588643,0.17969321408866246,0.140996693495915,0.20518608943728558,True,True,True,"[0.068, 0.06, 0.05325]","[1.2242, 0.7049, 0.6681, 0.4522]",3301,200,8,6,32,4,8.8,cuda,cut,0.05,8,float32,0.28151911417235204,20
hops,s264,3,gcn,softplus,0.5,264,0.18611949245501877,0.23207256050703384,0.16310170205190044,0.2183135611480196,True,True,True,"[0.06092, 0.04693, 0.04115]",[],3301,200,8,6,32,4,5.7,cuda,cut,0.05,8,float32,0.2903015533112491,20
hops,s264,3,heat,softplus,0.5,264,0.09270587980493226,0.12496869249667675,0.09207625068004496,0.2183135611480196,True,True,True,"[0.06092, 0.04323, 0.02077]","[1.7957, 1.279, 1.0381, 1.2358]",3301,200,8,6,32,4,8.4,cuda,cut,0.05,8,float32,0.2903015533112491,20
hops,s264,3,qw,softplus,0.5,264,0.17522639117786906,0.2528663012053696,0.16410159282597966,0.2183135611480196,True,True,True,"[0.06084, 0.04234, 0.01801]","[1.7559, 1.2754, 1.2449, 1.3863]",3301,200,8,6,32,4,8.7,cuda,cut,0.05,8,float32,0.2903015533112491,20
hops,s264,4,gcn,softplus,0.5,264,0.14761894973314774,0.16574286605072316,0.15467224470657212,0.19630108461386028,True,True,True,"[0.06616, 0.05456, 0.03911]",[],3301,200,8,6,32,4,5.8,cuda,cut,0.05,8,float32,0.27638427471612287,20
hops,s264,4,heat,softplus,0.5,264,0.08542123020184463,0.10292936360962861,0.08936153998542012,0.19630108461386028,True,True,True,"[0.06615, 0.05494, 0.03079]","[2.0355, 0.7889, 0.5588, 0.5392]",3301,200,8,6,32,4,8.2,cuda,cut,0.05,8,float32,0.27638427471612287,20
hops,s264,4,qw,softplus,0.5,264,0.08516700400246513,0.10700652224751352,0.08830048891391154,0.19630108461386028,True,True,True,"[0.06616, 0.05358, 0.02793]","[1.5655, 1.055, 0.8544, 0.8354]",3301,200,8,6,32,4,10.3,cuda,cut,0.05,8,float32,0.27638427471612287,20
hops,s264,5,gcn,softplus,0.5,264,0.16563031213555598,0.1876485201734999,0.1836914934859978,0.19923935919256897,True,True,True,"[0.07808, 0.06165, 0.05278]",[],3301,200,8,6,32,4,6.3,cuda,cut,0.05,8,float32,0.2791314775494313,20
hops,s264,5,heat,softplus,0.5,264,0.19902816475274965,0.27537312195580815,0.2129452074630976,0.19923935919256897,True,True,True,"[0.07789, 0.06291, 0.06226]","[0.8085, 0.2534, 0.2434, 0.2376]",3301,200,8,6,32,4,8.5,cuda,cut,0.05,8,float32,0.2791314775494313,20
hops,s264,5,qw,softplus,0.5,264,0.16835602517992335,0.23573105644781178,0.18619608625445064,0.19923935919256897,True,True,True,"[0.07788, 0.06282, 0.05876]","[1.2249, 0.7098, 0.2284, 0.2137]",3301,200,8,6,32,4,10.2,cuda,cut,0.05,8,float32,0.2791314775494313,20
hops,s264,6,gcn,softplus,0.5,264,0.1647005950516993,0.23416738232515136,0.16978864239133667,0.1980908092045498,True,False,False,"[0.06802, 0.04701, 0.05242]",[],3301,200,8,6,32,4,6.1,cuda,cut,0.05,8,float32,0.2824305972873655,20
hops,s264,6,heat,softplus,0.5,264,0.09409412030939653,0.1328264713795814,0.09607705517996554,0.1980908092045498,True,True,True,"[0.06832, 0.05685, 0.03331]","[2.0171, 0.705, 0.5264, 0.3471]",3301,200,8,6,32,4,8.3,cuda,cut,0.05,8,float32,0.2824305972873655,20
hops,s264,6,qw,softplus,0.5,264,0.08955633997766659,0.09413017755058288,0.0875273530131601,0.1980908092045498,True,True,True,"[0.06808, 0.05576, 0.03006]","[1.6923, 1.0656, 0.9345, 0.702]",3301,200,8,6,32,4,8.8,cuda,cut,0.05,8,float32,0.2824305972873655,20
hops,s264,7,gcn,softplus,0.5,264,0.15615063036246357,0.20754529346339912,0.16533345838825247,0.2023148803825895,True,True,True,"[0.06608, 0.05739, 0.04204]",[],3301,200,8,6,32,4,6.2,cuda,cut,0.05,8,float32,0.2772391338182611,20
hops,s264,7,heat,softplus,0.5,264,0.09378111690536818,0.12123180178092952,0.10091995571697639,0.2023148803825895,True,True,True,"[0.06599, 0.05864, 0.0391]","[1.3734, 0.8904, 0.7764, 0.5135]",3301,200,8,6,32,4,8.4,cuda,cut,0.05,8,float32,0.2772391338182611,20
hops,s264,7,qw,softplus,0.5,264,0.09735524799966376,0.14300087355490196,0.08824168780296476,0.2023148803825895,True,True,True,"[0.06606, 0.05851, 0.03604]","[1.612, 1.0479, 0.9566, 0.6831]",3301,200,8,6,32,4,8.6,cuda,cut,0.05,8,float32,0.2772391338182611,20
hops,s264,8,gcn,softplus,0.5,264,0.17826943285645672,0.24713862988259397,0.17623601482905957,0.20912674601857714,True,True,True,"[0.07591, 0.04922, 0.04268]",[],3301,200,8,6,32,4,6.2,cuda,cut,0.05,8,float32,0.2907939653096018,20
hops,s264,8,heat,softplus,0.5,264,0.08589108248777462,0.07688671084378688,0.08199620291689466,0.20912674601857714,True,True,True,"[0.07628, 0.05018, 0.01802]","[1.7877, 1.3852, 1.0502, 0.9908]",3301,200,8,6,32,4,8.5,cuda,cut,0.05,8,float32,0.2907939653096018,20
hops,s264,8,qw,softplus,0.5,264,0.06934004253943009,0.08507268760951693,0.06998031960172353,0.20912674601857714,True,True,True,"[0.0761, 0.04899, 0.01441]","[1.7093, 1.2484, 1.1322, 1.1116]",3301,200,8,6,32,4,8.6,cuda,cut,0.05,8,float32,0.2907939653096018,20
hops,s264,9,gcn,softplus,0.5,264,0.13793632761349506,0.21612683997236215,0.15623409061509214,0.19265717992587297,True,True,True,"[0.06688, 0.05363, 0.03752]",[],3301,200,8,6,32,4,6.2,cuda,cut,0.05,8,float32,0.273270004191279,20
hops,s264,9,heat,softplus,0.5,264,0.13071928558297305,0.1208643123883516,0.14594506096645174,0.19265717992587297,True,True,True,"[0.06691, 0.05916, 0.04882]","[0.9273, 0.9678, 0.93, 0.2207]",3301,200,8,6,32,4,8.3,cuda,cut,0.05,8,float32,0.273270004191279,20
hops,s264,9,qw,softplus,0.5,264,0.08915431673563264,0.08448411074426027,0.0850199507443573,0.19265717992587297,True,True,True,"[0.06674, 0.05726, 0.02531]","[1.7734, 1.5062, 1.0367, 0.4728]",3301,200,8,6,32,4,8.8,cuda,cut,0.05,8,float32,0.273270004191279,20
delay,s264,0,gcn,softplus,0.5,264,0.17770947556415895,0.13758742606323365,0.17651218550886508,0.1784763727337122,True,True,True,"[0.07763, 0.04674, 0.03934]",[],3301,200,8,6,32,4,5.7,cuda,cut,0.05,8,float32,0.24224253883709823,20
delay,s264,0,heat,softplus,0.5,264,0.12798533155912098,0.14732126447036625,0.13030891351853355,0.1784763727337122,True,True,True,"[0.07753, 0.04629, 0.03577]","[2.0539, 0.1605, 0.1197, 0.1189]",3301,200,8,6,32,4,8.2,cuda,cut,0.05,8,float32,0.24224253883709823,20
delay,s264,0,qw,softplus,0.5,264,0.12316503073324009,0.15647668109950388,0.12691344509860783,0.1784763727337122,True,True,True,"[0.07742, 0.04561, 0.03648]","[1.035, 0.6444, 0.5301, 0.5439]",3301,200,8,6,32,4,8.7,cuda,cut,0.05,8,float32,0.24224253883709823,20
delay,s264,1,gcn,softplus,0.5,264,0.1607643702276747,0.16026497125717631,0.15805772268636661,0.18130437167704747,True,True,True,"[0.06601, 0.04804, 0.03472]",[],3301,200,8,6,32,4,5.7,cuda,cut,0.05,8,float32,0.2482453209224843,20
delay,s264,1,heat,softplus,0.5,264,0.11901530743966991,0.17091876472433778,0.11565280528245211,0.18130437167704747,True,True,True,"[0.06609, 0.05026, 0.032]","[1.6343, 0.5704, 0.5331, 0.494]",3301,200,8,6,32,4,8.4,cuda,cut,0.05,8,float32,0.2482453209224843,20
delay,s264,1,qw,softplus,0.5,264,0.11227396856922882,0.12415368382846344,0.09338851157702845,0.18130437167704747,True,True,True,"[0.06597, 0.04754, 0.02224]","[1.4746, 0.9341, 0.8711, 0.8758]",3301,200,8,6,32,4,8.7,cuda,cut,0.05,8,float32,0.2482453209224843,20
delay,s264,2,gcn,softplus,0.5,264,0.1486254534989859,0.1912791637311008,0.15027874170195762,0.17940558485376337,True,True,True,"[0.05751, 0.0473, 0.03853]",[],3301,200,8,6,32,4,5.7,cuda,cut,0.05,8,float32,0.2421685143875647,20
delay,s264,2,heat,softplus,0.5,264,0.1560888944377163,0.23139305289416623,0.15674172058017133,0.17940558485376337,True,True,True,"[0.05772, 0.04845, 0.04649]","[0.7487, 0.2097, 0.1789, 0.1529]",3301,200,8,6,32,4,8.2,cuda,cut,0.05,8,float32,0.2421685143875647,20
delay,s264,2,qw,softplus,0.5,264,0.17250812672445492,0.2161252706323987,0.17410599937570762,0.17940558485376337,True,True,True,"[0.0576, 0.04839, 0.0466]","[0.7152, 0.3006, 0.2909, 0.2906]",3301,200,8,6,32,4,8.8,cuda,cut,0.05,8,float32,0.2421685143875647,20
delay,s264,3,gcn,softplus,0.5,264,0.16199046394180958,0.23694203299965677,0.15263546670868175,0.1834615095661991,True,True,True,"[0.05188, 0.04344, 0.03566]",[],3301,200,8,6,32,4,5.7,cuda,cut,0.05,8,float32,0.2436870119141773,20
delay,s264,3,heat,softplus,0.5,264,0.1255022928723125,0.1316424475606807,0.12225619664990739,0.1834615095661991,True,True,True,"[0.05183, 0.0434, 0.02678]","[1.7311, 0.6902, 0.3931, 0.6563]",3301,200,8,6,32,4,8.3,cuda,cut,0.05,8,float32,0.2436870119141773,20
delay,s264,3,qw,softplus,0.5,264,0.12281120076629737,0.15325711459086241,0.1169945387421952,0.1834615095661991,True,True,True,"[0.05186, 0.04197, 0.02759]","[1.2836, 0.5226, 0.3851, 1.1143]",3301,200,8,6,32,4,8.8,cuda,cut,0.05,8,float32,0.2436870119141773,20
delay,s264,4,gcn,softplus,0.5,264,0.1429276719437724,0.16065306186172332,0.1471666777047865,0.1758919300316278,True,True,True,"[0.05879, 0.04668, 0.03819]",[],3301,200,8,6,32,4,5.7,cuda,cut,0.05,8,float32,0.24038018968527722,20
delay,s264,4,heat,softplus,0.5,264,0.13015943583256254,0.1811013702838218,0.12973687277443596,0.1758919300316278,True,True,True,"[0.05882, 0.04688, 0.03429]","[1.6812, 0.4469, 0.2639, 0.2699]",3301,200,8,6,32,4,8.3,cuda,cut,0.05,8,float32,0.24038018968527722,20
delay,s264,4,qw,softplus,0.5,264,0.11928912101788541,0.15185415671177024,0.11986286938543234,0.1758919300316278,True,True,True,"[0.05877, 0.04636, 0.03431]","[1.3676, 0.7266, 0.5589, 0.5388]",3301,200,8,6,32,4,8.7,cuda,cut,0.05,8,float32,0.24038018968527722,20
delay,s264,5,gcn,softplus,0.5,264,0.14877781150580358,0.1842077397948403,0.16252630872821267,0.17532704785616715,True,True,True,"[0.06908, 0.04924, 0.04269]",[],3301,200,8,6,32,4,5.7,cuda,cut,0.05,8,float32,0.23757896651864885,20
delay,s264,5,heat,softplus,0.5,264,0.17510129475608618,0.2372921052017902,0.18463344673033466,0.17532704785616715,True,True,True,"[0.06889, 0.05046, 0.04993]","[0.5697, 0.1376, 0.1376, 0.1323]",3301,200,8,6,32,4,8.4,cuda,cut,0.05,8,float32,0.23757896651864885,20
delay,s264,5,qw,softplus,0.5,264,0.11789510466835716,0.1130224676423427,0.11742281793814266,0.17532704785616715,True,True,True,"[0.06875, 0.04917, 0.03605]","[1.1154, 1.5364, 0.2276, 0.2146]",3301,200,8,6,32,4,8.7,cuda,cut,0.05,8,float32,0.23757896651864885,20
delay,s264,6,gcn,softplus,0.5,264,0.1435676271241685,0.15652388811147688,0.14740177868886595,0.17780672095838299,True,True,True,"[0.0603, 0.0474, 0.03817]",[],3301,200,8,6,32,4,5.7,cuda,cut,0.05,8,float32,0.24289243794613513,20
delay,s264,6,heat,softplus,0.5,264,0.11972264324154969,0.1407944329634814,0.12340809877302188,0.17780672095838299,True,True,True,"[0.06083, 0.04768, 0.03772]","[1.5727, 0.3359, 0.2046, 0.1394]",3301,200,8,6,32,4,8.1,cuda,cut,0.05,8,float32,0.24289243794613513,20
delay,s264,6,qw,softplus,0.5,264,0.11763806741054388,0.12457640205607261,0.1204292782120209,0.17780672095838299,True,True,True,"[0.06036, 0.04691, 0.03145]","[1.4666, 0.8401, 0.7184, 0.5553]",3301,200,8,6,32,4,8.7,cuda,cut,0.05,8,float32,0.24289243794613513,20
delay,s264,7,gcn,softplus,0.5,264,0.143356084480242,0.21271459679085714,0.14114683455960458,0.17869648637927393,True,True,True,"[0.05598, 0.04702, 0.03514]",[],3301,200,8,6,32,4,5.7,cuda,cut,0.05,8,float32,0.23892260421323266,20
delay,s264,7,heat,softplus,0.5,264,0.12562123880806295,0.19766276096203458,0.1222058420685106,0.17869648637927393,True,True,True,"[0.05586, 0.04721, 0.03821]","[0.961, 0.5248, 0.485, 0.2752]",3301,200,8,6,32,4,8.3,cuda,cut,0.05,8,float32,0.23892260421323266,20
delay,s264,7,qw,softplus,0.5,264,0.11361821537668056,0.15701138211902096,0.10986835402383638,0.17869648637927393,True,True,True,"[0.05588, 0.04709, 0.03447]","[1.4103, 0.723, 0.6934, 0.5535]",3301,200,8,6,32,4,8.7,cuda,cut,0.05,8,float32,0.23892260421323266,20
delay,s264,8,gcn,softplus,0.5,264,0.14013436413370073,0.1927794349680112,0.1429222732390785,0.1818442901083729,True,True,True,"[0.06692, 0.04037, 0.03312]",[],3301,200,8,6,32,4,5.7,cuda,cut,0.05,8,float32,0.24550723791554188,20
delay,s264,8,heat,softplus,0.5,264,0.10251834191325487,0.12197566812599486,0.10887633532525576,0.1818442901083729,True,True,True,"[0.06708, 0.04241, 0.02223]","[1.5646, 1.1197, 0.7496, 0.7161]",3301,200,8,6,32,4,8.2,cuda,cut,0.05,8,float32,0.24550723791554188,20
delay,s264,8,qw,softplus,0.5,264,0.10791186101245459,0.1412348619098006,0.11371765005451655,0.1818442901083729,True,True,True,"[0.06689, 0.04067, 0.02073]","[1.3989, 1.0374, 0.9038, 0.9044]",3301,200,8,6,32,4,8.8,cuda,cut,0.05,8,float32,0.24550723791554188,20
delay,s264,9,gcn,softplus,0.5,264,0.13118554968763182,0.1722295410976893,0.1359749242829187,0.17468010527881409,True,True,True,"[0.05828, 0.04304, 0.0308]",[],3301,200,8,6,32,4,5.7,cuda,cut,0.05,8,float32,0.23707024802930401,20
delay,s264,9,heat,softplus,0.5,264,0.17225406329250995,0.23561813212234836,0.17783798580234306,0.17468010527881409,True,True,True,"[0.05835, 0.04834, 0.04781]","[0.4394, 0.2961, 0.2228, 0.2158]",3301,200,8,6,32,4,8.4,cuda,cut,0.05,8,float32,0.23707024802930401,20
delay,s264,9,qw,softplus,0.5,264,0.11791111576850666,0.15732595507395739,0.10862503591819074,0.17468010527881409,True,True,True,"[0.05815, 0.048, 0.03397]","[1.4896, 1.0564, 0.634, 0.2687]",3301,200,8,6,32,4,10.3,cuda,cut,0.05,8,float32,0.23707024802930401,20
hops,s4400,0,gcn,relu,0.5,4400,0.19162900652327206,0.2786061094690995,0.20052717003802006,0.19099645751260338,False,True,True,"[0.07846, 0.05512, 0.05496]",[],3301,200,8,6,32,4,20.7,cuda,cut,0.05,8,float32,0.2821006900464718,20
hops,s4400,0,heat,relu,0.5,4400,0.19116901415696538,0.27606878548676533,0.20016081640750846,0.19099645751260338,False,True,True,"[0.07841, 0.05502, 0.05476]","[1.4749, -0.1127, -0.0989, -0.0855]",3301,200,8,6,32,4,66.0,cuda,cut,0.05,8,float32,0.2821006900464718,20
hops,s4400,0,qw,relu,0.5,4400,0.19108983242644392,0.2746515005925825,0.20012089990926057,0.19099645751260338,False,True,True,"[0.0784, 0.05499, 0.0547]","[0.918, 0.2971, 0.2791, 0.3346]",3301,200,8,6,32,4,129.3,cuda,cut,0.05,8,float32,0.2821006900464718,20
hops,s4400,1,gcn,relu,0.5,4400,0.2040292993965418,0.281498251858508,0.21697254705094648,0.20176043820750875,False,True,True,"[0.07388, 0.06276, 0.0627]",[],3301,200,8,6,32,4,18.8,cuda,cut,0.05,8,float32,0.2928351628019791,20
hops,s4400,1,heat,relu,0.5,4400,0.20405774653282469,0.28079711318791545,0.2170091612495228,0.20176043820750875,False,True,True,"[0.07383, 0.06275, 0.0627]","[1.3755, 1.3889, 1.4234, 1.4522]",3301,200,8,6,32,4,66.3,cuda,cut,0.05,8,float32,0.2928351628019791,20
hops,s4400,1,qw,relu,0.5,4400,0.20394827469491938,0.28076545877989323,0.21688754004955463,0.20176043820750875,False,True,True,"[0.07409, 0.06274, 0.06265]","[0.9197, 1.2902, 1.383, 1.4033]",3301,200,8,6,32,4,128.9,cuda,cut,0.05,8,float32,0.2928351628019791,20
hops,s4400,2,gcn,relu,0.5,4400,0.2005446665337535,0.2889679821874635,0.2024654243764764,0.19946591633724783,False,True,True,"[0.06301, 0.05617, 0.05614]",[],3301,200,8,6,32,4,18.5,cuda,cut,0.05,8,float32,0.28265171627811597,20
hops,s4400,2,heat,relu,0.5,4400,0.20054024923240032,0.2885567095163077,0.20246032603391953,0.19946591633724783,False,True,True,"[0.063, 0.05616, 0.05614]","[1.4242, 1.3701, 1.3666, 1.3719]",3301,200,8,6,32,4,66.2,cuda,cut,0.05,8,float32,0.28265171627811597,20
hops,s4400,2,qw,relu,0.5,4400,0.20054009155327965,0.28852746373264737,0.20246027402971364,0.19946591633724783,False,True,True,"[0.063, 0.05616, 0.05614]","[1.5546, 1.4759, 1.4705, 1.4732]",3301,200,8,6,32,4,128.9,cuda,cut,0.05,8,float32,0.28265171627811597,20
hops,s4400,3,gcn,relu,0.5,4400,0.21172180901888307,0.2846552120791693,0.1931333256024994,0.21148654558230193,False,False,True,"[0.05663, 0.05355, 0.05216]",[],3301,200,8,6,32,4,18.7,cuda,cut,0.05,8,float32,0.29072867564712807,20
hops,s4400,3,heat,relu,0.5,4400,0.20680236861236734,0.2624137042237631,0.18288311944501895,0.21148654558230193,True,True,True,"[0.05663, 0.05327, 0.04915]","[2.7979, 2.5661, 1.8926, 1.8109]",3301,200,8,6,32,4,65.9,cuda,cut,0.05,8,float32,0.29072867564712807,20
hops,s4400,3,qw,relu,0.5,4400,0.21375866839619861,0.2823690308030427,0.20012702854762954,0.21148654558230193,False,False,True,"[0.05661, 0.05316, 0.05277]","[2.2413, 2.6005, 1.4721, 1.4415]",3301,200,8,6,32,4,128.9,cuda,cut,0.05,8,float32,0.29072867564712807,20
hops,s4400,4,gcn,relu,0.5,4400,0.19110188425137575,0.28112955515736654,0.19460469607613048,0.1895199613768438,False,True,True,"[0.06126, 0.05291, 0.0528]",[],3301,200,8,6,32,4,18.8,cuda,cut,0.05,8,float32,0.2771106549097857,20
hops,s4400,4,heat,relu,0.5,4400,0.19108991829946523,0.2806126718441169,0.19459360984672625,0.1895199613768438,False,True,True,"[0.06154, 0.05288, 0.05279]","[1.7874, 1.154, 1.1987, 1.1658]",3301,200,8,6,32,4,66.0,cuda,cut,0.05,8,float32,0.2771106549097857,20
hops,s4400,4,qw,relu,0.5,4400,0.19108471492234844,0.2805550473314296,0.19459009397870183,0.1895199613768438,False,True,True,"[0.06143, 0.05288, 0.05279]","[0.9198, 1.1735, 1.2144, 1.1872]",3301,200,8,6,32,4,129.0,cuda,cut,0.05,8,float32,0.2771106549097857,20
hops,s4400,5,gcn,relu,0.5,4400,0.194758414872922,0.2736567283675115,0.20889101871067065,0.19286728251570215,False,True,True,"[0.07283, 0.05913, 0.05892]",[],3301,200,8,6,32,4,19.2,cuda,cut,0.05,8,float32,0.27951252176687014,20
hops,s4400,5,heat,relu,0.5,4400,0.1953935779367263,0.27795982567730926,0.20922105313564482,0.19286728251570215,False,True,True,"[0.07306, 0.05917, 0.05915]","[1.3605, 1.4065, 1.3801, 1.3595]",3301,200,8,6,32,4,65.8,cuda,cut,0.05,8,float32,0.27951252176687014,20
hops,s4400,5,qw,relu,0.5,4400,0.19495640734789157,0.27622445066326945,0.2089257342811801,0.19286728251570215,False,True,True,"[0.07272, 0.05913, 0.05901]","[0.7853, 1.4339, 0.4393, 0.4023]",3301,200,8,6,32,4,128.9,cuda,cut,0.05,8,float32,0.27951252176687014,20
hops,s4400,6,gcn,relu,0.5,4400,0.19311325973365456,0.2797651883938104,0.19725083735877308,0.19208520169920204,False,True,True,"[0.06286, 0.0538, 0.05374]",[],3301,200,8,6,32,4,19.2,cuda,cut,0.05,8,float32,0.283892721785415,20
hops,s4400,6,heat,relu,0.5,4400,0.19307645582636312,0.2793348640534955,0.19721549091881818,0.19208520169920204,False,True,True,"[0.06302, 0.05379, 0.05372]","[1.8014, 0.5207, 0.5511, 0.5629]",3301,200,8,6,32,4,66.4,cuda,cut,0.05,8,float32,0.283892721785415,20
hops,s4400,6,qw,relu,0.5,4400,0.1930651174345985,0.2792566466546809,0.19720679042882033,0.19208520169920204,False,True,True,"[0.06288, 0.05379, 0.05372]","[0.9207, 0.4964, 0.5617, 0.5523]",3301,200,8,6,32,4,129.5,cuda,cut,0.05,8,float32,0.283892721785415,20
hops,s4400,7,gcn,relu,0.5,4400,0.19536951786020038,0.2779907476312183,0.19858665968460792,0.19563119266915954,True,True,True,"[0.06101, 0.05507, 0.05469]",[],3301,200,8,6,32,4,19.2,cuda,cut,0.05,8,float32,0.2761582395300048,20
hops,s4400,7,heat,relu,0.5,4400,0.19716364021610586,0.289160190504847,0.19997603998773478,0.19563119266915954,False,False,True,"[0.0609, 0.05504, 0.05496]","[1.2014, 0.9819, 0.9701, 0.9542]",3301,200,8,6,32,4,65.9,cuda,cut,0.05,8,float32,0.2761582395300048,20
hops,s4400,7,qw,relu,0.5,4400,0.19721002292057332,0.2894588348316565,0.20000937479632822,0.19563119266915954,False,False,True,"[0.06092, 0.05505, 0.05497]","[1.0909, 1.1965, 1.0463, 1.0814]",3301,200,8,6,32,4,128.9,cuda,cut,0.05,8,float32,0.2761582395300048,20
hops,s4400,8,gcn,relu,0.5,4400,0.20223252321325355,0.26511445161402003,0.20273791895020454,0.20206346859012478,False,True,True,"[0.07186, 0.05698, 0.05587]",[],3301,200,8,6,32,4,19.2,cuda,cut,0.05,8,float32,0.2922868436180806,20
hops,s4400,8,heat,relu,0.5,4400,0.20414298090222996,0.28179212632653133,0.20498102505633142,0.20206346859012478,False,True,True,"[0.07188, 0.05723, 0.05702]","[1.7282, -0.1609, -0.1684, -0.1699]",3301,200,8,6,32,4,66.4,cuda,cut,0.05,8,float32,0.2922868436180806,20
hops,s4400,8,qw,relu,0.5,4400,0.203615260814373,0.27497810536711265,0.20421390490040225,0.20206346859012478,False,True,True,"[0.0718, 0.0571, 0.05661]","[0.9281, 0.726, 0.8868, 0.8747]",3301,200,8,6,32,4,129.4,cuda,cut,0.05,8,float32,0.2922868436180806,20
hops,s4400,9,gcn,relu,0.5,4400,0.18794586698817453,0.2808019261145666,0.20165135565817102,0.18654150678053016,False,True,True,"[0.06252, 0.05568, 0.05566]",[],3301,200,8,6,32,4,18.8,cuda,cut,0.05,8,float32,0.2765187413343975,20
hops,s4400,9,heat,relu,0.5,4400,0.18797710719924052,0.2809132485848575,0.20166744014428167,0.18654150678053016,False,True,True,"[0.0626, 0.05569, 0.05567]","[1.1561, 1.084, 1.0822, 1.09]",3301,200,8,6,32,4,66.4,cuda,cut,0.05,8,float32,0.2765187413343975,20
hops,s4400,9,qw,relu,0.5,4400,0.18379743522692782,0.2569771547356508,0.19902402729907243,0.18654150678053016,True,True,True,"[0.06256, 0.05564, 0.05486]","[-0.0648, 1.0565, 1.2108, 0.2786]",3301,200,8,6,32,4,128.4,cuda,cut,0.05,8,float32,0.2765187413343975,20
delay,s4400,0,gcn,relu,0.5,4400,0.1677098281503916,0.23639128890408434,0.16942913129491816,0.16726009848360043,False,True,True,"[0.06969, 0.04257, 0.04251]",[],3301,200,8,6,32,4,20.3,cuda,cut,0.05,8,float32,0.237143115375695,20
delay,s4400,0,heat,relu,0.5,4400,0.16659016867508675,0.2289057298750359,0.16830019756294362,0.16726009848360043,True,True,True,"[0.06972, 0.04247, 0.04211]","[1.3546, -0.0781, -0.0313, 0.0567]",3301,200,8,6,32,4,68.4,cuda,cut,0.05,8,float32,0.237143115375695,20
delay,s4400,0,qw,relu,0.5,4400,0.16703600529837068,0.23199769008272472,0.1687752263289241,0.16726009848360043,True,True,True,"[0.0697, 0.04245, 0.04222]","[0.8764, 0.2457, 0.2834, 0.3367]",3301,200,8,6,32,4,131.5,cuda,cut,0.05,8,float32,0.237143115375695,20
delay,s4400,1,gcn,relu,0.5,4400,0.17013551384794426,0.23775769928227145,0.17583034609809559,0.16960492224197932,False,True,True,"[0.05845, 0.04561, 0.04542]",[],3301,200,8,6,32,4,17.1,cuda,cut,0.05,8,float32,0.2396923239194395,20
delay,s4400,1,heat,relu,0.5,4400,0.17041002405544559,0.23733007960292565,0.17610950831180988,0.16960492224197932,False,True,True,"[0.05843, 0.04563, 0.04558]","[1.1912, 1.0254, 0.9437, 1.0003]",3301,200,8,6,32,4,68.5,cuda,cut,0.05,8,float32,0.2396923239194395,20
delay,s4400,1,qw,relu,0.5,4400,0.17032032735100736,0.23737563789630212,0.17600972424965056,0.16960492224197932,False,True,True,"[0.05868, 0.04561, 0.04553]","[0.7286, 1.1513, 0.5392, 0.5682]",3301,200,8,6,32,4,131.5,cuda,cut,0.05,8,float32,0.2396923239194395,20
delay,s4400,2,gcn,relu,0.5,4400,0.16900003421547202,0.2381504042907828,0.1705490205981451,0.1683406888620547,False,True,True,"[0.05132, 0.04291, 0.04289]",[],3301,200,8,6,32,4,20.8,cuda,cut,0.05,8,float32,0.23419693604385983,20
delay,s4400,2,heat,relu,0.5,4400,0.1689882603000186,0.23759606099548083,0.17053879456705712,0.1683406888620547,False,True,True,"[0.05131, 0.04291, 0.04289]","[1.1231, 1.2414, 1.2582, 1.263]",3301,200,8,6,32,4,68.5,cuda,cut,0.05,8,float32,0.23419693604385983,20
delay,s4400,2,qw,relu,0.5,4400,0.16898712555740283,0.23757677469491523,0.17053760495571293,0.1683406888620547,False,True,True,"[0.05128, 0.04291, 0.04289]","[0.9224, 1.27, 1.3045, 1.2999]",3301,200,8,6,32,4,131.4,cuda,cut,0.05,8,float32,0.23419693604385983,20
delay,s4400,3,gcn,relu,0.5,4400,0.17549529160078345,0.24199656502547204,0.16665276708741494,0.17430391645131307,False,False,True,"[0.04569, 0.04195, 0.04146]",[],3301,200,8,6,32,4,20.3,cuda,cut,0.05,8,float32,0.23789579022809582,20
delay,s4400,3,heat,relu,0.5,4400,0.17589901518544082,0.24614110135011946,0.16503492545996612,0.17430391645131307,False,True,True,"[0.04569, 0.04192, 0.04073]","[2.9979, -0.2095, -0.2071, -0.1942]",3301,200,8,6,32,4,67.9,cuda,cut,0.05,8,float32,0.23789579022809582,20
delay,s4400,3,qw,relu,0.5,4400,0.17015568617860097,0.22619978583814307,0.15646767537092354,0.17430391645131307,True,True,True,"[0.04569, 0.04152, 0.03874]","[1.6537, 2.7126, 1.6633, 1.5946]",3301,200,8,6,32,4,131.0,cuda,cut,0.05,8,float32,0.23789579022809582,20
delay,s4400,4,gcn,relu,0.5,4400,0.16330858800759554,0.23636392568537637,0.17051758791228747,0.16174229330836554,False,True,True,"[0.05291, 0.04276, 0.04269]",[],3301,200,8,6,32,4,20.8,cuda,cut,0.05,8,float32,0.22861410547812203,20
delay,s4400,4,heat,relu,0.5,4400,0.16325438390261932,0.23540767119714467,0.1704664441519179,0.16174229330836554,False,True,True,"[0.05307, 0.04273, 0.04267]","[1.6276, 0.9705, 1.0242, 0.9905]",3301,200,8,6,32,4,68.0,cuda,cut,0.05,8,float32,0.22861410547812203,20
delay,s4400,4,qw,relu,0.5,4400,0.1632723169556685,0.23545261362089395,0.1704818777273679,0.16174229330836554,False,True,True,"[0.05307, 0.04273, 0.04267]","[0.8842, 0.9924, 1.0499, 1.0197]",3301,200,8,6,32,4,131.1,cuda,cut,0.05,8,float32,0.22861410547812203,20
delay,s4400,5,gcn,relu,0.5,4400,0.16847224229123006,0.23027148151139298,0.17494559131135412,0.16836669241524457,False,True,True,"[0.06172, 0.04506, 0.04493]",[],3301,200,8,6,32,4,20.8,cuda,cut,0.05,8,float32,0.23681671474095223,20
delay,s4400,5,heat,relu,0.5,4400,0.1685684981109102,0.23150185765648543,0.17501888778310704,0.16836669241524457,False,True,True,"[0.06175, 0.04506, 0.04498]","[0.892, 0.8984, 0.3477, 0.2994]",3301,200,8,6,32,4,68.0,cuda,cut,0.05,8,float32,0.23681671474095223,20
delay,s4400,5,qw,relu,0.5,4400,0.16795230813460268,0.2290475845536144,0.1746151860015578,0.16836669241524457,True,True,True,"[0.06138, 0.04505, 0.04486]","[1.3499, 0.7442, 0.1762, 0.1408]",3301,200,8,6,32,4,131.0,cuda,cut,0.05,8,float32,0.23681671474095223,20
delay,s4400,6,gcn,relu,0.5,4400,0.16669792434890318,0.23379576353285123,0.17074167687379732,0.16633368789766928,False,True,True,"[0.05365, 0.04297, 0.04293]",[],3301,200,8,6,32,4,20.3,cuda,cut,0.05,8,float32,0.23717979226236227,20
delay,s4400,6,heat,relu,0.5,4400,0.16667626370039104,0.23331492028646103,0.17072035390563542,0.16633368789766928,False,True,True,"[0.0541, 0.04296, 0.04292]","[1.7134, 0.3702, 0.3941, 0.4066]",3301,200,8,6,32,4,67.9,cuda,cut,0.05,8,float32,0.23717979226236227,20
delay,s4400,6,qw,relu,0.5,4400,0.16668381141736807,0.23334781447636332,0.17072835936229572,0.16633368789766928,False,True,True,"[0.05376, 0.04296, 0.04292]","[0.8654, 0.4955, 0.5676, 0.557]",3301,200,8,6,32,4,130.9,cuda,cut,0.05,8,float32,0.23717979226236227,20
delay,s4400,7,gcn,relu,0.5,4400,0.16997095070214885,0.24692584811492366,0.17020126375172617,0.16669415874124474,False,True,True,"[0.05041, 0.04314, 0.04306]",[],3301,200,8,6,32,4,20.8,cuda,cut,0.05,8,float32,0.23005666591821175,20
delay,s4400,7,heat,relu,0.5,4400,0.16947020390494305,0.24217509429470388,0.1705181830111145,0.16669415874124474,False,True,True,"[0.05026, 0.04312, 0.04308]","[1.2373, 0.989, 1.0084, 1.0056]",3301,200,8,6,32,4,68.5,cuda,cut,0.05,8,float32,0.23005666591821175,20
delay,s4400,7,qw,relu,0.5,4400,0.1695218731429089,0.24233985507930747,0.17056285074291572,0.16669415874124474,False,True,True,"[0.05042, 0.04313, 0.04309]","[1.0708, 1.1557, 1.1191, 1.1551]",3301,200,8,6,32,4,131.0,cuda,cut,0.05,8,float32,0.23005666591821175,20
delay,s4400,8,gcn,relu,0.5,4400,0.16954878139604154,0.2048954494932531,0.1682585539056295,0.16910345720450015,False,True,True,"[0.06023, 0.04251, 0.04172]",[],3301,200,8,6,32,4,20.8,cuda,cut,0.05,8,float32,0.23972916273679998,20
delay,s4400,8,heat,relu,0.5,4400,0.17074286080260095,0.22389877399364644,0.17046092559893045,0.16910345720450015,False,True,True,"[0.06041, 0.04272, 0.04268]","[1.0506, 0.609, 0.7241, 0.7078]",3301,200,8,6,32,4,67.9,cuda,cut,0.05,8,float32,0.23972916273679998,20
delay,s4400,8,qw,relu,0.5,4400,0.1682531906115279,0.22001917400939952,0.16918913721416506,0.16910345720450015,True,True,True,"[0.06031, 0.04269, 0.04232]","[0.7592, 0.7363, 0.8538, 0.8437]",3301,200,8,6,32,4,131.0,cuda,cut,0.05,8,float32,0.23972916273679998,20
delay,s4400,9,gcn,relu,0.5,4400,0.1667951495892361,0.2436848033452038,0.17178801555289697,0.1642397570173136,False,True,True,"[0.05174, 0.04363, 0.04363]",[],3301,200,8,6,32,4,20.8,cuda,cut,0.05,8,float32,0.2318317826512447,20
delay,s4400,9,heat,relu,0.5,4400,0.16680044021942497,0.24362793069005814,0.1717915379808189,0.1642397570173136,False,True,True,"[0.0518, 0.04364, 0.04363]","[1.049, 0.9838, 0.9787, 1.021]",3301,200,8,6,32,4,68.0,cuda,cut,0.05,8,float32,0.2318317826512447,20
delay,s4400,9,qw,relu,0.5,4400,0.15633223500870042,0.1804020700969551,0.1688730013626363,0.1642397570173136,True,True,True,"[0.05178, 0.04352, 0.04092]","[0.6707, 2.9978, 1.7995, 0.8525]",3301,200,8,6,32,4,131.0,cuda,cut,0.05,8,float32,0.2318317826512447,20
hops,s3168,0,gcn,relu,0.5,3168,0.18158417215464193,0.2677565192226911,0.18897805480178295,0.18145969069973641,False,True,True,"[0.07396, 0.05021, 0.04995]",[],3301,200,8,6,32,4,13.1,cuda,cut,0.05,8,float32,0.2733522829962756,20
hops,s3168,0,heat,relu,0.5,3168,0.1805086958908824,0.26436236081379966,0.18808979890897232,0.18145969069973641,True,True,True,"[0.07391, 0.05008, 0.04959]","[1.7957, -0.1455, -0.1464, -0.1426]",3301,200,8,6,32,4,28.5,cuda,cut,0.05,8,float32,0.2733522829962756,20
hops,s3168,0,qw,relu,0.5,3168,0.16269180462115543,0.2329206834452661,0.17302092059040347,0.18145969069973641,True,True,True,"[0.0739, 0.04968, 0.04528]","[0.8345, 1.7443, 2.0673, 1.9016]",3301,200,8,6,32,4,54.7,cuda,cut,0.05,8,float32,0.2733522829962756,20
hops,s3168,1,gcn,relu,0.5,3168,0.19232227461924464,0.2732906431723047,0.2051931601050786,0.19040591222322656,False,True,True,"[0.06836, 0.05705, 0.057]",[],3301,200,8,6,32,4,13.0,cuda,cut,0.05,8,float32,0.28291310491861643,20
hops,s3168,1,heat,relu,0.5,3168,0.19227981017624196,0.2724588571425353,0.20515183540335397,0.19040591222322656,False,True,True,"[0.0683, 0.05703, 0.05696]","[1.3882, 1.3714, 1.3721, 1.3944]",3301,200,8,6,32,4,28.5,cuda,cut,0.05,8,float32,0.28291310491861643,20
hops,s3168,1,qw,relu,0.5,3168,0.19208688603856003,0.27238141912722613,0.20495020292531474,0.19040591222322656,False,True,True,"[0.06854, 0.05701, 0.05688]","[0.9077, 1.1783, 1.1661, 1.185]",3301,200,8,6,32,4,54.7,cuda,cut,0.05,8,float32,0.28291310491861643,20
hops,s3168,2,gcn,relu,0.5,3168,0.1898678957623028,0.2797924351077777,0.19130022419237935,0.18885280880767394,False,True,True,"[0.05818, 0.05116, 0.05112]",[],3301,200,8,6,32,4,13.0,cuda,cut,0.05,8,float32,0.27335988091577906,20
hops,s3168,2,heat,relu,0.5,3168,0.18986382391339054,0.2793983212723019,0.19129302199857046,0.18885280880767394,False,True,True,"[0.05817, 0.05115, 0.05111]","[1.372, 1.3509, 1.3493, 1.3527]",3301,200,8,6,32,4,28.4,cuda,cut,0.05,8,float32,0.27335988091577906,20
hops,s3168,2,qw,relu,0.5,3168,0.18986494635307838,0.2793706794425244,0.1912939141714955,0.18885280880767394,False,True,True,"[0.05817, 0.05115, 0.05111]","[1.4718, 1.4541, 1.4615, 1.4636]",3301,200,8,6,32,4,54.3,cuda,cut,0.05,8,float32,0.27335988091577906,20
hops,s3168,3,gcn,relu,0.5,3168,0.20056330037911999,0.2835108727121514,0.18143872050286242,0.19969980827360634,False,False,True,"[0.05201, 0.04885, 0.04689]",[],3301,200,8,6,32,4,13.2,cuda,cut,0.05,8,float32,0.28059882068210995,20
hops,s3168,3,heat,relu,0.5,3168,0.19704486696319637,0.26181899599738373,0.17606972268020565,0.19969980827360634,True,True,True,"[0.05206, 0.04883, 0.04599]","[2.9285, -0.1115, -0.1683, -0.1671]",3301,200,8,6,32,4,28.6,cuda,cut,0.05,8,float32,0.28059882068210995,20
hops,s3168,3,qw,relu,0.5,3168,0.18977066915592425,0.25950433096764614,0.1593957907905934,0.19969980827360634,True,True,True,"[0.05198, 0.04644, 0.04002]","[2.2652, 2.618, 2.1144, 2.2566]",3301,200,8,6,32,4,54.5,cuda,cut,0.05,8,float32,0.28059882068210995,20
hops,s3168,4,gcn,relu,0.5,3168,0.18047469771433441,0.2718111222839093,0.18385717005870478,0.1793584594746459,False,True,True,"[0.05685, 0.04823, 0.04806]",[],3301,200,8,6,32,4,13.2,cuda,cut,0.05,8,float32,0.26918628746396744,20
hops,s3168,4,heat,relu,0.5,3168,0.1804834551364889,0.2715348851972309,0.18386148385550105,0.1793584594746459,False,True,True,"[0.05704, 0.0482, 0.04805]","[1.7525, 1.0175, 1.0642, 1.0309]",3301,200,8,6,32,4,28.5,cuda,cut,0.05,8,float32,0.26918628746396744,20
hops,s3168,4,qw,relu,0.5,3168,0.1805185486081602,0.2715857880314923,0.18389467561115969,0.1793584594746459,False,True,True,"[0.05704, 0.0482, 0.04807]","[0.9231, 1.0564, 1.1021, 1.0731]",3301,200,8,6,32,4,54.4,cuda,cut,0.05,8,float32,0.26918628746396744,20
hops,s3168,5,gcn,relu,0.5,3168,0.18447902816007156,0.2691231534053129,0.19727198571960955,0.18268675369910994,False,True,True,"[0.06789, 0.05373, 0.05363]",[],3301,200,8,6,32,4,12.6,cuda,cut,0.05,8,float32,0.2718316066357322,20
hops,s3168,5,heat,relu,0.5,3168,0.1847253579230664,0.2697083371585161,0.19743971737860724,0.18268675369910994,False,True,True,"[0.06766, 0.05375, 0.05372]","[1.42, 1.4418, 1.4317, 1.4097]",3301,200,8,6,32,4,28.5,cuda,cut,0.05,8,float32,0.2718316066357322,20
hops,s3168,5,qw,relu,0.5,3168,0.177129686102471,0.24027187877105702,0.19212335084651413,0.18268675369910994,True,True,True,"[0.06758, 0.05369, 0.05224]","[1.5756, 1.7893, 1.1096, 0.215]",3301,200,8,6,32,4,54.7,cuda,cut,0.05,8,float32,0.2718316066357322,20
hops,s3168,6,gcn,relu,0.5,3168,0.18256500735232192,0.27030457550908576,0.18676749511822974,0.18185050115408688,False,True,True,"[0.05852, 0.04925, 0.04916]",[],3301,200,8,6,32,4,13.0,cuda,cut,0.05,8,float32,0.2743894027213865,20
hops,s3168,6,heat,relu,0.5,3168,0.18248627674260243,0.26977152407932,0.1866947227846149,0.18185050115408688,False,True,True,"[0.05872, 0.04923, 0.04913]","[1.7184, 0.3147, 0.3377, 0.3472]",3301,200,8,6,32,4,28.5,cuda,cut,0.05,8,float32,0.2743894027213865,20
hops,s3168,6,qw,relu,0.5,3168,0.18244650262084186,0.2695724559365949,0.18666250895058523,0.18185050115408688,False,True,True,"[0.05854, 0.04923, 0.04912]","[0.9242, 0.4899, 0.3727, 0.3643]",3301,200,8,6,32,4,54.7,cuda,cut,0.05,8,float32,0.2743894027213865,20
hops,s3168,7,gcn,relu,0.5,3168,0.18365760947588827,0.25082059791326755,0.18812320898613313,0.18507136827534076,True,True,True,"[0.05623, 0.05009, 0.04943]",[],3301,200,8,6,32,4,13.4,cuda,cut,0.05,8,float32,0.26741651358657087,20
hops,s3168,7,heat,relu,0.5,3168,0.18618555829836947,0.27889352701746006,0.18839994008753405,0.18507136827534076,False,True,True,"[0.05611, 0.05005, 0.0499]","[1.2575, 1.1264, 0.7966, 0.7955]",3301,200,8,6,32,4,28.8,cuda,cut,0.05,8,float32,0.26741651358657087,20
hops,s3168,7,qw,relu,0.5,3168,0.18654658444080172,0.2801128624427878,0.18869967592072867,0.18507136827534076,False,True,True,"[0.05624, 0.05007, 0.04999]","[1.2322, 1.2376, 1.1556, 1.1803]",3301,200,8,6,32,4,54.7,cuda,cut,0.05,8,float32,0.26741651358657087,20
hops,s3168,8,gcn,relu,0.5,3168,0.19018063425915066,0.25237229442228143,0.19028434113848064,0.1912017751366342,True,True,True,"[0.06675, 0.0517, 0.05018]",[],3301,200,8,6,32,4,13.1,cuda,cut,0.05,8,float32,0.2826095126381792,20
hops,s3168,8,heat,relu,0.5,3168,0.1930046987585388,0.27620312864765223,0.19370348370769835,0.1912017751366342,False,True,True,"[0.06687, 0.05205, 0.05198]","[1.1526, 0.9103, 1.0308, 1.0121]",3301,200,8,6,32,4,28.5,cuda,cut,0.05,8,float32,0.2826095126381792,20
hops,s3168,8,qw,relu,0.5,3168,0.19005166506649526,0.2634029423277329,0.19072945387854662,0.1912017751366342,True,True,True,"[0.06673, 0.05166, 0.0507]","[0.9017, 1.088, 1.1498, 1.14]",3301,200,8,6,32,4,54.4,cuda,cut,0.05,8,float32,0.2826095126381792,20
hops,s3168,9,gcn,relu,0.5,3168,0.1779485178180137,0.27048911638871886,0.19006235136417082,0.17697521552400586,False,True,True,"[0.05766, 0.05061, 0.05057]",[],3301,200,8,6,32,4,12.3,cuda,cut,0.05,8,float32,0.26738294438242854,20
hops,s3168,9,heat,relu,0.5,3168,0.17804072037095597,0.2708346272010496,0.19012262622841675,0.17697521552400586,False,True,True,"[0.05773, 0.05062, 0.05059]","[1.0407, 0.9951, 0.9942, 1.0009]",3301,200,8,6,32,4,28.5,cuda,cut,0.05,8,float32,0.26738294438242854,20
hops,s3168,9,qw,relu,0.5,3168,0.14822448801269061,0.19405615098784623,0.16620829818588612,0.17697521552400586,True,True,True,"[0.05768, 0.05039, 0.04501]","[1.1994, 2.8735, 1.638, 0.9911]",3301,200,8,6,32,4,54.5,cuda,cut,0.05,8,float32,0.26738294438242854,20
delay,s3168,0,gcn,relu,0.5,3168,0.16756312335181475,0.24229025768038978,0.17093497415091885,0.1670811829159232,False,True,True,"[0.07001, 0.04322, 0.04313]",[],3301,200,8,6,32,4,14.0,cuda,cut,0.05,8,float32,0.2429690204103665,20
delay,s3168,0,heat,relu,0.5,3168,0.16639602674028847,0.2365990223753374,0.16988579956240654,0.1670811829159232,True,True,True,"[0.07007, 0.04307, 0.04272]","[1.781, -0.1495, -0.1482, -0.137]",3301,200,8,6,32,4,29.5,cuda,cut,0.05,8,float32,0.2429690204103665,20
delay,s3168,0,qw,relu,0.5,3168,0.1667555376491137,0.23770236397788203,0.17021402384055573,0.1670811829159232,True,True,True,"[0.07003, 0.04306, 0.0428]","[0.7615, 0.2301, 0.2666, 0.3187]",3301,200,8,6,32,4,55.5,cuda,cut,0.05,8,float32,0.2429690204103665,20
delay,s3168,1,gcn,relu,0.5,3168,0.16939483004164926,0.24547632707615608,0.1764707042503237,0.16971510523350664,True,True,True,"[0.05896, 0.04591, 0.04561]",[],3301,200,8,6,32,4,14.5,cuda,cut,0.05,8,float32,0.24401424813285896,20
delay,s3168,1,heat,relu,0.5,3168,0.16988285474206977,0.24492852919921163,0.17695888785256286,0.16971510523350664,False,True,True,"[0.05893, 0.04601, 0.04594]","[1.223, 1.1034, 1.0551, 1.0934]",3301,200,8,6,32,4,29.9,cuda,cut,0.05,8,float32,0.24401424813285896,20
delay,s3168,1,qw,relu,0.5,3168,0.1669199196658523,0.23742791572469554,0.17455473949847128,0.16971510523350664,True,True,True,"[0.05922, 0.04579, 0.04493]","[1.2801, 1.8695, 0.4616, 0.3631]",3301,200,8,6,32,4,55.7,cuda,cut,0.05,8,float32,0.24401424813285896,20
delay,s3168,2,gcn,relu,0.5,3168,0.16871607751877168,0.2419338652280523,0.17143137309022044,0.16746935214195088,False,True,True,"[0.05165, 0.04321, 0.04317]",[],3301,200,8,6,32,4,13.6,cuda,cut,0.05,8,float32,0.23893269339868084,20
delay,s3168,2,heat,relu,0.5,3168,0.1687056871055804,0.24135669538285454,0.1714161854908911,0.16746935214195088,False,True,True,"[0.05169, 0.0432, 0.04317]","[1.2186, 1.3086, 1.3234, 1.3273]",3301,200,8,6,32,4,29.6,cuda,cut,0.05,8,float32,0.23893269339868084,20
delay,s3168,2,qw,relu,0.5,3168,0.16871981602632488,0.24138446836558605,0.1714263643080638,0.16746935214195088,False,True,True,"[0.05168, 0.0432, 0.04317]","[1.1475, 1.4871, 1.5104, 1.5131]",3301,200,8,6,32,4,55.4,cuda,cut,0.05,8,float32,0.23893269339868084,20
delay,s3168,3,gcn,relu,0.5,3168,0.17569685658532697,0.2403293458960676,0.16615393730318478,0.17456477681518434,False,True,True,"[0.04591, 0.04206, 0.04127]",[],3301,200,8,6,32,4,13.5,cuda,cut,0.05,8,float32,0.24098371088361037,20
delay,s3168,3,heat,relu,0.5,3168,0.17128731234016573,0.22585837671382578,0.16111649876366949,0.17456477681518434,True,True,True,"[0.04591, 0.04204, 0.03985]","[3.1217, -0.1673, -0.1879, -0.1936]",3301,200,8,6,32,4,29.8,cuda,cut,0.05,8,float32,0.24098371088361037,20
delay,s3168,3,qw,relu,0.5,3168,0.17269064822342592,0.23570147335770952,0.16249890262487396,0.17456477681518434,True,True,True,"[0.04591, 0.04204, 0.04059]","[0.8759, 1.5827, 1.3346, 1.4024]",3301,200,8,6,32,4,55.8,cuda,cut,0.05,8,float32,0.24098371088361037,20
delay,s3168,4,gcn,relu,0.5,3168,0.16787513954916136,0.24116615484468884,0.1678912231125816,0.1676993677753215,False,True,True,"[0.05224, 0.04167, 0.04156]",[],3301,200,8,6,32,4,14.5,cuda,cut,0.05,8,float32,0.24142058346651765,20
delay,s3168,4,heat,relu,0.5,3168,0.16781529730894548,0.24028853510836146,0.1678291977911034,0.1676993677753215,False,True,True,"[0.05238, 0.04163, 0.04152]","[1.6695, 0.9978, 1.0473, 1.0136]",3301,200,8,6,32,4,29.9,cuda,cut,0.05,8,float32,0.24142058346651765,20
delay,s3168,4,qw,relu,0.5,3168,0.16784589227621352,0.24034834526357296,0.1678588671789527,0.1676993677753215,False,True,True,"[0.05238, 0.04163, 0.04154]","[0.8852, 1.039, 1.0892, 1.0605]",3301,200,8,6,32,4,55.4,cuda,cut,0.05,8,float32,0.24142058346651765,20
delay,s3168,5,gcn,relu,0.5,3168,0.17015322312882786,0.23432070508389535,0.17248103618163957,0.1695395661645368,False,True,True,"[0.06089, 0.04405, 0.04383]",[],3301,200,8,6,32,4,14.4,cuda,cut,0.05,8,float32,0.24596915360898364,20
delay,s3168,5,heat,relu,0.5,3168,0.17072904763938482,0.23688937215930986,0.17291788009896839,0.1695395661645368,False,True,True,"[0.06092, 0.04408, 0.04405]","[1.1839, 1.1971, 1.1833, 1.154]",3301,200,8,6,32,4,29.8,cuda,cut,0.05,8,float32,0.24596915360898364,20
delay,s3168,5,qw,relu,0.5,3168,0.17050915079442974,0.23637742334816125,0.1727319218821643,0.1695395661645368,False,True,True,"[0.06086, 0.04406, 0.04397]","[0.7332, 0.8614, 0.5956, 0.5613]",3301,200,8,6,32,4,55.4,cuda,cut,0.05,8,float32,0.24596915360898364,20
delay,s3168,6,gcn,relu,0.5,3168,0.16752878913611977,0.2364819820704311,0.16966131231898968,0.16648470040141083,False,True,True,"[0.0536, 0.04259, 0.04252]",[],3301,200,8,6,32,4,14.5,cuda,cut,0.05,8,float32,0.24211817317078285,20
delay,s3168,6,heat,relu,0.5,3168,0.16749131072450565,0.2360017506057778,0.16962635612097332,0.16648470040141083,False,True,True,"[0.05406, 0.04257, 0.0425]","[1.7051, 0.3537, 0.3738, 0.3876]",3301,200,8,6,32,4,29.9,cuda,cut,0.05,8,float32,0.24211817317078285,20
delay,s3168,6,qw,relu,0.5,3168,0.1674988845030868,0.23600425263233418,0.1696356245103578,0.16648470040141083,False,True,True,"[0.05372, 0.04258, 0.04251]","[0.859, 0.4624, 0.525, 0.5158]",3301,200,8,6,32,4,55.5,cuda,cut,0.05,8,float32,0.24211817317078285,20
delay,s3168,7,gcn,relu,0.5,3168,0.16843461406153393,0.2406348986020759,0.1696966327184819,0.16903304502276642,True,True,True,"[0.05063, 0.04334, 0.04307]",[],3301,200,8,6,32,4,13.6,cuda,cut,0.05,8,float32,0.23704395278505386,20
delay,s3168,7,heat,relu,0.5,3168,0.17050912851765232,0.2518599413727631,0.17118636243895075,0.16903304502276642,False,True,True,"[0.05042, 0.04332, 0.04323]","[1.1242, 0.9318, 0.9426, 0.9397]",3301,200,8,6,32,4,29.5,cuda,cut,0.05,8,float32,0.23704395278505386,20
delay,s3168,7,qw,relu,0.5,3168,0.17065303149914937,0.25230744824283663,0.1713164308039084,0.16903304502276642,False,True,True,"[0.05063, 0.04332, 0.04327]","[1.2198, 1.1885, 1.1544, 1.1834]",3301,200,8,6,32,4,55.4,cuda,cut,0.05,8,float32,0.23704395278505386,20
delay,s3168,8,gcn,relu,0.5,3168,0.17115567561275458,0.22094434568862345,0.1702040161409711,0.17193813426688595,True,True,True,"[0.06078, 0.04396, 0.04297]",[],3301,200,8,6,32,4,13.2,cuda,cut,0.05,8,float32,0.2465726510254902,20
delay,s3168,8,heat,relu,0.5,3168,0.17299627513996707,0.2438396162124595,0.17262871443223288,0.17193813426688595,False,True,True,"[0.06089, 0.04409, 0.04402]","[1.0874, 0.6533, 0.7785, 0.7571]",3301,200,8,6,32,4,29.8,cuda,cut,0.05,8,float32,0.2465726510254902,20
delay,s3168,8,qw,relu,0.5,3168,0.17284622098296107,0.23930265824918515,0.17231620677991275,0.17193813426688595,False,True,True,"[0.06087, 0.04409, 0.04402]","[0.7282, 0.6034, 0.7538, 0.75]",3301,200,8,6,32,4,55.4,cuda,cut,0.05,8,float32,0.2465726510254902,20
delay,s3168,9,gcn,relu,0.5,3168,0.16828197635107978,0.2438239677140046,0.17170726751790039,0.1672302332407578,False,True,True,"[0.05209, 0.04348, 0.04347]",[],3301,200,8,6,32,4,14.2,cuda,cut,0.05,8,float32,0.2407107049752398,20
delay,s3168,9,heat,relu,0.5,3168,0.1683127849972991,0.24392463273540788,0.17173233555840484,0.1672302332407578,False,True,True,"[0.05215, 0.04349, 0.04347]","[1.0991, 1.06, 1.0585, 1.0833]",3301,200,8,6,32,4,29.5,cuda,cut,0.05,8,float32,0.2407107049752398,20
delay,s3168,9,qw,relu,0.5,3168,0.1498429838772091,0.17337564644493478,0.1558659382898615,0.1672302332407578,True,True,True,"[0.05214, 0.04311, 0.03772]","[0.8781, 2.8937, 1.6682, 1.4263]",3301,200,8,6,32,4,55.4,cuda,cut,0.05,8,float32,0.2407107049752398,20
hops,s1584,0,gcn,relu,0.5,1584,0.20280715842968045,0.2856136456083072,0.2125882692602722,0.20284212697399248,True,True,True,"[0.08443, 0.06119, 0.06078]",[],3301,200,8,6,32,4,7.7,cuda,cut,0.05,8,float32,0.29289856883747234,20
hops,s1584,0,heat,relu,0.5,1584,0.19490132476822455,0.26823407559169227,0.20619024015931325,0.20284212697399248,True,True,True,"[0.08439, 0.06078, 0.0587]","[2.5921, -0.1677, -0.1699, -0.1729]",3301,200,8,6,32,4,10.4,cuda,cut,0.05,8,float32,0.29289856883747234,20
hops,s1584,0,qw,relu,0.5,1584,0.19568942901513756,0.25892811818646794,0.2067770201614658,0.20284212697399248,True,True,True,"[0.08437, 0.06068, 0.05857]","[0.933, 1.3499, 0.5652, 0.6407]",3301,200,8,6,32,4,10.9,cuda,cut,0.05,8,float32,0.29289856883747234,20
hops,s1584,1,gcn,relu,0.5,1584,0.21526970938733947,0.2836764512148115,0.22838962335119523,0.21422125618812327,False,True,True,"[0.08064, 0.06922, 0.06859]",[],3301,200,8,6,32,4,7.3,cuda,cut,0.05,8,float32,0.30389307316246,20
hops,s1584,1,heat,relu,0.5,1584,0.21643995301310373,0.2901810985510416,0.2293514513261875,0.21422125618812327,False,True,True,"[0.08061, 0.06955, 0.06938]","[1.4937, 0.8091, 0.6633, 0.6732]",3301,200,8,6,32,4,10.0,cuda,cut,0.05,8,float32,0.30389307316246,20
hops,s1584,1,qw,relu,0.5,1584,0.21544803102831558,0.28894149963174215,0.22833073428435713,0.21422125618812327,False,True,True,"[0.08082, 0.06948, 0.069]","[0.7559, 1.4522, 0.2759, 0.2738]",3301,200,8,6,32,4,10.7,cuda,cut,0.05,8,float32,0.30389307316246,20
hops,s1584,2,gcn,relu,0.5,1584,0.21286032351615028,0.2991626585915156,0.21467004755230837,0.21167407191032386,False,False,True,"[0.06917, 0.06239, 0.06232]",[],3301,200,8,6,32,4,8.3,cuda,cut,0.05,8,float32,0.2918149112920989,20
hops,s1584,2,heat,relu,0.5,1584,0.2128535497624753,0.2988240871913979,0.2146615902143601,0.21167407191032386,False,False,True,"[0.06915, 0.06238, 0.06231]","[1.0951, 1.058, 1.0566, 1.0577]",3301,200,8,6,32,4,10.4,cuda,cut,0.05,8,float32,0.2918149112920989,20
hops,s1584,2,qw,relu,0.5,1584,0.21287909040293382,0.2988676701353874,0.21468499027965168,0.21167407191032386,False,False,True,"[0.06924, 0.06238, 0.06232]","[1.0825, 1.148, 1.142, 1.1398]",3301,200,8,6,32,4,10.6,cuda,cut,0.05,8,float32,0.2918149112920989,20
hops,s1584,3,gcn,relu,0.5,1584,0.22147186974538588,0.28190707651595726,0.20136389516722034,0.22380801566652261,True,True,True,"[0.06263, 0.05907, 0.05615]",[],3301,200,8,6,32,4,8.3,cuda,cut,0.05,8,float32,0.30001465975182123,20
hops,s1584,3,heat,relu,0.5,1584,0.20424213346684983,0.2746792556199567,0.1728361658987147,0.22380801566652261,True,True,True,"[0.06263, 0.05865, 0.04911]","[3.0541, 2.1062, 2.0471, -0.2031]",3301,200,8,6,32,4,10.4,cuda,cut,0.05,8,float32,0.30001465975182123,20
hops,s1584,3,qw,relu,0.5,1584,0.1895460071953904,0.26165416121352936,0.15598510161766577,0.22380801566652261,True,True,True,"[0.06259, 0.05559, 0.04343]","[2.7026, 2.2226, 2.2892, 2.1039]",3301,200,8,6,32,4,12.1,cuda,cut,0.05,8,float32,0.30001465975182123,20
hops,s1584,4,gcn,relu,0.5,1584,0.20266898861311702,0.28869553515157226,0.20525526940720296,0.20166345434231991,False,True,True,"[0.06684, 0.05851, 0.05815]",[],3301,200,8,6,32,4,8.2,cuda,cut,0.05,8,float32,0.2875493682492633,20
hops,s1584,4,heat,relu,0.5,1584,0.20257645033249752,0.2887890362497682,0.20516472006001452,0.20166345434231991,False,True,True,"[0.06713, 0.05848, 0.05815]","[1.8819, 0.2473, 0.2237, 0.1894]",3301,200,8,6,32,4,10.3,cuda,cut,0.05,8,float32,0.2875493682492633,20
hops,s1584,4,qw,relu,0.5,1584,0.20273875019917584,0.2888582141937764,0.20532452847104227,0.20166345434231991,False,True,True,"[0.06712, 0.05848, 0.05819]","[0.8426, 0.5382, 0.3501, 0.3187]",3301,200,8,6,32,4,10.9,cuda,cut,0.05,8,float32,0.2875493682492633,20
hops,s1584,5,gcn,relu,0.5,1584,0.20749969487250955,0.2858029721451619,0.22126566509909062,0.20494496734869297,False,True,True,"[0.07903, 0.06552, 0.06538]",[],3301,200,8,6,32,4,8.2,cuda,cut,0.05,8,float32,0.28995785954405556,20
hops,s1584,5,heat,relu,0.5,1584,0.20385375023452623,0.276203405966366,0.21850111769310038,0.20494496734869297,True,True,True,"[0.07911, 0.06554, 0.06502]","[1.3143, 0.8447, 0.3568, 0.05]",3301,200,8,6,32,4,10.3,cuda,cut,0.05,8,float32,0.28995785954405556,20
hops,s1584,5,qw,relu,0.5,1584,0.2034698136978679,0.2718362177866985,0.2180877321016401,0.20494496734869297,True,True,True,"[0.07932, 0.0654, 0.06431]","[0.9262, 1.5209, 0.0693, -0.0086]",3301,200,8,6,32,4,10.7,cuda,cut,0.05,8,float32,0.28995785954405556,20
hops,s1584,6,gcn,relu,0.5,1584,0.2042580626521617,0.2884605675372078,0.2089615514854115,0.20352606689957245,False,True,True,"[0.06883, 0.05979, 0.0596]",[],3301,200,8,6,32,4,8.2,cuda,cut,0.05,8,float32,0.29468145136268387,20
hops,s1584,6,heat,relu,0.5,1584,0.19699278430541292,0.21869091979083807,0.19964626027509863,0.20352606689957245,True,True,True,"[0.06887, 0.05964, 0.05682]","[3.1361, -0.1897, -0.1947, -0.2114]",3301,200,8,6,32,4,10.5,cuda,cut,0.05,8,float32,0.29468145136268387,20
hops,s1584,6,qw,relu,0.5,1584,0.2038479126807183,0.2871308139515143,0.2085766940965021,0.20352606689957245,False,True,True,"[0.06884, 0.05976, 0.05947]","[0.8748, 0.6526, 0.0157, 0.013]",3301,200,8,6,32,4,10.7,cuda,cut,0.05,8,float32,0.29468145136268387,20
hops,s1584,7,gcn,relu,0.5,1584,0.20613289289709544,0.3032890311314672,0.2075110728634319,0.2073090134066238,True,True,True,"[0.06686, 0.06104, 0.05982]",[],3301,200,8,6,32,4,8.2,cuda,cut,0.05,8,float32,0.28540695962342993,20
hops,s1584,7,heat,relu,0.5,1584,0.2061138755974269,0.2872108657653421,0.20968895445306163,0.2073090134066238,True,False,True,"[0.06683, 0.06099, 0.06047]","[1.5054, 1.3549, -0.054, -0.0595]",3301,200,8,6,32,4,10.5,cuda,cut,0.05,8,float32,0.28540695962342993,20
hops,s1584,7,qw,relu,0.5,1584,0.20885376411612436,0.2997819790496931,0.21168372626539855,0.2073090134066238,False,False,True,"[0.06686, 0.06101, 0.06085]","[1.2459, 0.6367, 0.5697, 0.6125]",3301,200,8,6,32,4,11.1,cuda,cut,0.05,8,float32,0.28540695962342993,20
hops,s1584,8,gcn,relu,0.5,1584,0.21297975132588345,0.261261663592544,0.21151847507765825,0.2142830371220913,True,True,True,"[0.07765, 0.0626, 0.06011]",[],3301,200,8,6,32,4,7.6,cuda,cut,0.05,8,float32,0.3031558346890644,20
hops,s1584,8,heat,relu,0.5,1584,0.2135841161461848,0.27048646728143244,0.21260835016540233,0.2142830371220913,True,True,True,"[0.07787, 0.06306, 0.06143]","[2.4129, -0.1833, -0.1721, -0.1807]",3301,200,8,6,32,4,10.1,cuda,cut,0.05,8,float32,0.3031558346890644,20
hops,s1584,8,qw,relu,0.5,1584,0.2010836052031786,0.26129709457954015,0.19925602857285707,0.2142830371220913,True,True,True,"[0.0778, 0.06286, 0.05832]","[0.8294, 1.7088, 1.7802, 1.7329]",3301,200,8,6,32,4,10.6,cuda,cut,0.05,8,float32,0.3031558346890644,20
hops,s1584,9,gcn,relu,0.5,1584,0.19798924421471378,0.28100237727117156,0.21358468801616878,0.1972476585583153,False,True,True,"[0.06856, 0.0618, 0.06165]",[],3301,200,8,6,32,4,8.3,cuda,cut,0.05,8,float32,0.2859626192448666,20
hops,s1584,9,heat,relu,0.5,1584,0.19856140052316465,0.28938600706876466,0.21377470460396986,0.1972476585583153,False,False,True,"[0.06862, 0.06181, 0.06176]","[0.7728, 0.7102, 0.7095, 0.7176]",3301,200,8,6,32,4,10.4,cuda,cut,0.05,8,float32,0.2859626192448666,20
hops,s1584,9,qw,relu,0.5,1584,0.1529327019929936,0.1615619263298552,0.17139094508625802,0.1972476585583153,True,True,True,"[0.06859, 0.06055, 0.04633]","[1.1459, 3.1493, 1.9596, -0.0124]",3301,200,8,6,32,4,10.7,cuda,cut,0.05,8,float32,0.2859626192448666,20
delay,s1584,0,gcn,relu,0.5,1584,0.1674530835871613,0.23145664382688905,0.1713559743381638,0.16718246888562172,False,True,True,"[0.07011, 0.04348, 0.04335]",[],3301,200,8,6,32,4,8.5,cuda,cut,0.05,8,float32,0.23142011562655515,20
delay,s1584,0,heat,relu,0.5,1584,0.1655069057267592,0.223720517852568,0.16956516229196256,0.16718246888562172,True,True,True,"[0.07018, 0.0433, 0.0427]","[1.8127, -0.1671, -0.1778, -0.1777]",3301,200,8,6,32,4,10.7,cuda,cut,0.05,8,float32,0.23142011562655515,20
delay,s1584,0,qw,relu,0.5,1584,0.16622569464791492,0.2253868630819408,0.17022710598070664,0.16718246888562172,True,True,True,"[0.07012, 0.04328, 0.04284]","[0.7154, 0.2334, 0.2901, 0.3846]",3301,200,8,6,32,4,11.4,cuda,cut,0.05,8,float32,0.23142011562655515,20
delay,s1584,1,gcn,relu,0.5,1584,0.16861364539275228,0.22016069240010605,0.1767245593599533,0.17031059692173203,True,True,True,"[0.05934, 0.04643, 0.04614]",[],3301,200,8,6,32,4,8.2,cuda,cut,0.05,8,float32,0.23514632530449575,20
delay,s1584,1,heat,relu,0.5,1584,0.17013210173177307,0.234944323093584,0.17785722590133907,0.17031059692173203,True,True,True,"[0.05931, 0.04643, 0.04624]","[1.2228, -0.1078, -0.1691, -0.1775]",3301,200,8,6,32,4,10.7,cuda,cut,0.05,8,float32,0.23514632530449575,20
delay,s1584,1,qw,relu,0.5,1584,0.17018969700889666,0.23511836486391632,0.17790635807070448,0.17031059692173203,True,True,True,"[0.05962, 0.04642, 0.04626]","[0.73, 0.5499, 0.0948, 0.1091]",3301,200,8,6,32,4,12.3,cuda,cut,0.05,8,float32,0.23514632530449575,20
delay,s1584,2,gcn,relu,0.5,1584,0.16929410283913546,0.2304559643623274,0.17205830181869758,0.16813962006055974,False,True,True,"[0.05189, 0.04353, 0.04348]",[],3301,200,8,6,32,4,8.3,cuda,cut,0.05,8,float32,0.22760433742461253,20
delay,s1584,2,heat,relu,0.5,1584,0.16926508366182424,0.2298524232776302,0.17203006727908765,0.16813962006055974,False,True,True,"[0.05198, 0.04352, 0.04347]","[0.6718, 0.397, 0.3956, 0.3909]",3301,200,8,6,32,4,10.6,cuda,cut,0.05,8,float32,0.22760433742461253,20
delay,s1584,2,qw,relu,0.5,1584,0.16928619899607097,0.23000981511899596,0.172047709705966,0.16813962006055974,False,True,True,"[0.05196, 0.04353, 0.04348]","[0.6383, 0.5387, 0.5398, 0.5503]",3301,200,8,6,32,4,12.6,cuda,cut,0.05,8,float32,0.22760433742461253,20
delay,s1584,3,gcn,relu,0.5,1584,0.17300833411613145,0.213027048723161,0.1648063375942369,0.17559238301889157,True,True,True,"[0.04608, 0.04221, 0.04073]",[],3301,200,8,6,32,4,5.8,cuda,cut,0.05,8,float32,0.23256354205315924,20
delay,s1584,3,heat,relu,0.5,1584,0.1632586653168534,0.20286002053424093,0.153558146674039,0.17559238301889157,True,True,True,"[0.04609, 0.04204, 0.03803]","[2.9892, -0.2206, -0.2197, -0.2142]",3301,200,8,6,32,4,10.7,cuda,cut,0.05,8,float32,0.23256354205315924,20
delay,s1584,3,qw,relu,0.5,1584,0.171810976700267,0.22629169859364465,0.16315506171712046,0.17559238301889157,True,True,True,"[0.04609, 0.04074, 0.03928]","[1.5782, 1.0076, 0.5737, 0.6651]",3301,200,8,6,32,4,12.5,cuda,cut,0.05,8,float32,0.23256354205315924,20
delay,s1584,4,gcn,relu,0.5,1584,0.16778857367323327,0.22961046749910682,0.16816956499509744,0.16771967093591966,False,True,True,"[0.0524, 0.04187, 0.04169]",[],3301,200,8,6,32,4,8.3,cuda,cut,0.05,8,float32,0.2300894549207899,20
delay,s1584,4,heat,relu,0.5,1584,0.16762225226160476,0.22861867484382378,0.1680146938260713,0.16771967093591966,True,True,True,"[0.05253, 0.04184, 0.04164]","[1.4664, -0.1677, -0.1733, -0.1702]",3301,200,8,6,32,4,8.4,cuda,cut,0.05,8,float32,0.2300894549207899,20
delay,s1584,4,qw,relu,0.5,1584,0.167681240032173,0.2287140995501332,0.16807235155981903,0.16771967093591966,True,True,True,"[0.05252, 0.04184, 0.04164]","[0.7204, 0.1546, 0.1707, 0.1408]",3301,200,8,6,32,4,10.8,cuda,cut,0.05,8,float32,0.2300894549207899,20
delay,s1584,5,gcn,relu,0.5,1584,0.17068472766060294,0.22298247935705495,0.17376397974507513,0.1695982223801528,False,True,True,"[0.06119, 0.0445, 0.04441]",[],3301,200,8,6,32,4,8.4,cuda,cut,0.05,8,float32,0.231928506338583,20
delay,s1584,5,heat,relu,0.5,1584,0.16200456814291678,0.20125128634193046,0.16566984874864857,0.1695982223801528,True,True,True,"[0.0609, 0.04442, 0.04252]","[2.1147, 1.657, -0.1891, -0.2085]",3301,200,8,6,32,4,10.6,cuda,cut,0.05,8,float32,0.231928506338583,20
delay,s1584,5,qw,relu,0.5,1584,0.16866744055588315,0.22266202646775002,0.17259620746372462,0.1695982223801528,True,True,True,"[0.06117, 0.0445, 0.04428]","[0.8358, 0.5015, 0.4016, 0.1613]",3301,200,8,6,32,4,12.3,cuda,cut,0.05,8,float32,0.231928506338583,20
delay,s1584,6,gcn,relu,0.5,1584,0.16774242886840696,0.22617698548919563,0.17031676233021453,0.16698550508492424,False,True,True,"[0.05389, 0.04299, 0.04286]",[],3301,200,8,6,32,4,8.4,cuda,cut,0.05,8,float32,0.23130154359730828,20
delay,s1584,6,heat,relu,0.5,1584,0.16762454546549002,0.22549960054865922,0.170198770813133,0.16698550508492424,False,True,True,"[0.05434, 0.04297, 0.04281]","[1.3952, -0.1845, -0.1746, -0.1823]",3301,200,8,6,32,4,10.6,cuda,cut,0.05,8,float32,0.23130154359730828,20
delay,s1584,6,qw,relu,0.5,1584,0.16762027973528662,0.2254201397830756,0.17019585667422332,0.16698550508492424,False,True,True,"[0.05401, 0.04297, 0.0428]","[0.7269, 0.1787, 0.0229, 0.02]",3301,200,8,6,32,4,10.9,cuda,cut,0.05,8,float32,0.23130154359730828,20
delay,s1584,7,gcn,relu,0.5,1584,0.17129752822968988,0.24846040335392716,0.16922885288739864,0.17015197013660807,False,True,True,"[0.05082, 0.04357, 0.04305]",[],3301,200,8,6,32,4,8.5,cuda,cut,0.05,8,float32,0.22817133965122297,20
delay,s1584,7,heat,relu,0.5,1584,0.1686333666564599,0.23307593253261583,0.16904606980207257,0.17015197013660807,True,True,True,"[0.05062, 0.04354, 0.04324]","[0.9907, 0.517, -0.177, -0.1709]",3301,200,8,6,32,4,10.6,cuda,cut,0.05,8,float32,0.22817133965122297,20
delay,s1584,7,qw,relu,0.5,1584,0.17159397918977914,0.24288380936522666,0.17152263171774762,0.17015197013660807,False,True,True,"[0.05082, 0.04356, 0.04345]","[0.7376, 0.4097, 0.2006, 0.234]",3301,200,8,6,32,4,10.9,cuda,cut,0.05,8,float32,0.22817133965122297,20
delay,s1584,8,gcn,relu,0.5,1584,0.16947570403397746,0.21285902739676887,0.16902508055287085,0.1725296807178078,True,True,True,"[0.06105, 0.04391, 0.04228]",[],3301,200,8,6,32,4,8.5,cuda,cut,0.05,8,float32,0.23603059260903947,20
delay,s1584,8,heat,relu,0.5,1584,0.1642137642687003,0.21294811105280345,0.16395188718506504,0.1725296807178078,True,True,True,"[0.0612, 0.04445, 0.04228]","[2.2548, -0.1831, -0.1917, -0.2007]",3301,200,8,6,32,4,10.8,cuda,cut,0.05,8,float32,0.23603059260903947,20
delay,s1584,8,qw,relu,0.5,1584,0.16492723441917545,0.22858132746009618,0.16510284175625073,0.1725296807178078,True,True,True,"[0.06118, 0.04446, 0.04239]","[0.7513, 1.229, 1.2967, 0.7841]",3301,200,8,6,32,4,11.1,cuda,cut,0.05,8,float32,0.23603059260903947,20
delay,s1584,9,gcn,relu,0.5,1584,0.1684413430406806,0.23245879946512468,0.17218198255160141,0.1675019948737404,False,True,True,"[0.05232, 0.04381, 0.04377]",[],3301,200,8,6,32,4,8.5,cuda,cut,0.05,8,float32,0.22982095839498537,20
delay,s1584,9,heat,relu,0.5,1584,0.16857866374152533,0.23305829335022135,0.17230187939004293,0.1675019948737404,False,True,True,"[0.0524, 0.04381, 0.04378]","[0.4654, 0.3306, 0.3259, 0.3483]",3301,200,8,6,32,4,10.6,cuda,cut,0.05,8,float32,0.22982095839498537,20
delay,s1584,9,qw,relu,0.5,1584,0.1685865714635327,0.23305992884983082,0.17231037276735262,0.1675019948737404,False,True,True,"[0.05239, 0.04381, 0.04378]","[0.6086, 0.4361, 0.4321, 0.454]",3301,200,8,6,32,4,10.9,cuda,cut,0.05,8,float32,0.22982095839498537,20
hops,s264,0,gcn,relu,0.5,264,0.15519627173092554,0.19281323902679318,0.16497187927950907,0.19787345489374164,True,True,True,"[0.08439, 0.0573, 0.045]",[],3301,200,8,6,32,4,6.2,cuda,cut,0.05,8,float32,0.280693571562402,20
hops,s264,0,heat,relu,0.5,264,0.11090229856170186,0.14179393109552454,0.1194356179048279,0.19787345489374164,True,True,True,"[0.0843, 0.05604, 0.03739]","[2.7317, -0.2041, -0.2022, -0.2001]",3301,200,8,6,32,4,8.4,cuda,cut,0.05,8,float32,0.280693571562402,20
hops,s264,0,qw,relu,0.5,264,0.1168387731668925,0.1543082579891099,0.12358651768458499,0.19787345489374164,True,True,True,"[0.08429, 0.0565, 0.03878]","[1.5369, 1.1432, 1.042, 1.1382]",3301,200,8,6,32,4,9.4,cuda,cut,0.05,8,float32,0.280693571562402,20
hops,s264,1,gcn,relu,0.5,264,0.17197680846327032,0.2027595236277385,0.18193401972883183,0.20885174311791557,True,True,True,"[0.07824, 0.06296, 0.04861]",[],3301,200,8,6,32,4,6.2,cuda,cut,0.05,8,float32,0.29127543094454805,20
hops,s264,1,heat,relu,0.5,264,0.12531193395643825,0.17999892537214057,0.1403070539006766,0.20885174311791557,True,True,True,"[0.07816, 0.06511, 0.05097]","[2.3175, -0.1678, -0.1989, -0.2143]",3301,200,8,6,32,4,8.3,cuda,cut,0.05,8,float32,0.29127543094454805,20
hops,s264,1,qw,relu,0.5,264,0.06939700371444676,0.07202476904996283,0.06481258644701235,0.20885174311791557,True,True,True,"[0.07796, 0.05756, 0.01959]","[1.6155, 1.9059, 1.0454, 1.0322]",3301,200,8,6,32,4,10.3,cuda,cut,0.05,8,float32,0.29127543094454805,20
hops,s264,2,gcn,relu,0.5,264,0.20143466881438712,0.36907969787467576,0.19953329364811495,0.20518608943728558,True,True,True,"[0.06802, 0.05741, 0.04851]",[],3301,200,8,6,32,4,6.2,cuda,cut,0.05,8,float32,0.28151911417235204,20
hops,s264,2,heat,relu,0.5,264,0.07043099710294469,0.09132284273556353,0.06878263156183742,0.20518608943728558,True,True,True,"[0.06785, 0.05112, 0.01528]","[1.8636, 1.8581, 1.8584, 1.4441]",3301,200,8,6,32,4,6.8,cuda,cut,0.05,8,float32,0.28151911417235204,20
hops,s264,2,qw,relu,0.5,264,0.1933970596627191,0.2615926120289274,0.19685200434601444,0.20518608943728558,True,True,True,"[0.06799, 0.06004, 0.05772]","[0.7354, 0.5411, 0.4426, 0.0498]",3301,200,8,6,32,4,7.2,cuda,cut,0.05,8,float32,0.28151911417235204,20
hops,s264,3,gcn,relu,0.5,264,0.18611949245501877,0.23207256050703384,0.16310170205190044,0.2183135611480196,True,True,True,"[0.06092, 0.04693, 0.04115]",[],3301,200,8,6,32,4,2.4,cuda,cut,0.05,8,float32,0.2903015533112491,20
hops,s264,3,heat,relu,0.5,264,0.13530479437163603,0.1627122285523433,0.11403137084562331,0.2183135611480196,True,True,True,"[0.06094, 0.0475, 0.0301]","[2.6619, -0.0784, -0.1932, -0.1935]",3301,200,8,6,32,4,5.0,cuda,cut,0.05,8,float32,0.2903015533112491,20
hops,s264,3,qw,relu,0.5,264,0.0835270235065672,0.06515024444149518,0.09675923258306063,0.2183135611480196,True,True,True,"[0.06087, 0.04235, 0.01649]","[1.8527, 1.4716, 1.5031, 1.7914]",3301,200,8,6,32,4,8.0,cuda,cut,0.05,8,float32,0.2903015533112491,20
hops,s264,4,gcn,relu,0.5,264,0.14761894973314774,0.16574286605072316,0.15467224470657212,0.19630108461386028,True,True,True,"[0.06616, 0.05456, 0.03911]",[],3301,200,8,6,32,4,6.2,cuda,cut,0.05,8,float32,0.27638427471612287,20
hops,s264,4,heat,relu,0.5,264,0.0993071360221942,0.1138200754240533,0.10555201140232384,0.19630108461386028,True,True,True,"[0.06614, 0.05509, 0.03236]","[2.5412, -0.1556, -0.2155, -0.2222]",3301,200,8,6,32,4,8.4,cuda,cut,0.05,8,float32,0.27638427471612287,20
hops,s264,4,qw,relu,0.5,264,0.08548875344973622,0.08893455751249195,0.08345912810711359,0.19630108461386028,True,True,True,"[0.06616, 0.05431, 0.02422]","[1.6384, 1.255, 1.2877, 1.3164]",3301,200,8,6,32,4,10.3,cuda,cut,0.05,8,float32,0.27638427471612287,20
hops,s264,5,gcn,relu,0.5,264,0.16563031213555598,0.1876485201734999,0.1836914934859978,0.19923935919256897,True,True,True,"[0.07808, 0.06165, 0.05278]",[],3301,200,8,6,32,4,6.2,cuda,cut,0.05,8,float32,0.2791314775494313,20
hops,s264,5,heat,relu,0.5,264,0.1938917334167983,0.27450908792912837,0.2081959122460279,0.19923935919256897,True,True,True,"[0.07786, 0.06292, 0.06216]","[0.9337, -0.164, -0.2014, -0.209]",3301,200,8,6,32,4,8.4,cuda,cut,0.05,8,float32,0.2791314775494313,20
hops,s264,5,qw,relu,0.5,264,0.20004534202326807,0.27686837508884377,0.21384464783213017,0.19923935919256897,False,True,True,"[0.07787, 0.06293, 0.06242]","[0.7172, 0.0921, 0.0759, 0.0612]",3301,200,8,6,32,4,9.2,cuda,cut,0.05,8,float32,0.2791314775494313,20
hops,s264,6,gcn,relu,0.5,264,0.1647005950516993,0.23416738232515136,0.16978864239133667,0.1980908092045498,True,False,False,"[0.06802, 0.04701, 0.05242]",[],3301,200,8,6,32,4,1.8,cuda,cut,0.05,8,float32,0.2824305972873655,20
hops,s264,6,heat,relu,0.5,264,0.11090584787907022,0.13162931460486868,0.1107983052374259,0.1980908092045498,True,True,True,"[0.06829, 0.05674, 0.03753]","[2.4801, -0.1904, -0.2262, -0.222]",3301,200,8,6,32,4,5.0,cuda,cut,0.05,8,float32,0.2824305972873655,20
hops,s264,6,qw,relu,0.5,264,0.08501570330782221,0.10432829930882165,0.0813897988921257,0.1980908092045498,True,True,True,"[0.06808, 0.05587, 0.0267]","[1.7515, 1.5336, 1.0426, -0.0333]",3301,200,8,6,32,4,8.7,cuda,cut,0.05,8,float32,0.2824305972873655,20
hops,s264,7,gcn,relu,0.5,264,0.15615063036246357,0.20754529346339912,0.16533345838825247,0.2023148803825895,True,True,True,"[0.06608, 0.05739, 0.04204]",[],3301,200,8,6,32,4,5.3,cuda,cut,0.05,8,float32,0.2772391338182611,20
hops,s264,7,heat,relu,0.5,264,0.16339296414610938,0.24063869978200678,0.16942103630792577,0.2023148803825895,True,False,False,"[0.066, 0.05872, 0.05883]","[1.3009, 0.7984, 0.523, -0.2571]",3301,200,8,6,32,4,8.2,cuda,cut,0.05,8,float32,0.2772391338182611,20
hops,s264,7,qw,relu,0.5,264,0.08069155360760186,0.09996513424398205,0.0737969112780058,0.2023148803825895,True,True,True,"[0.06604, 0.05867, 0.0355]","[1.7348, 1.3781, 1.0732, 0.7417]",3301,200,8,6,32,4,8.6,cuda,cut,0.05,8,float32,0.2772391338182611,20
hops,s264,8,gcn,relu,0.5,264,0.17826943285645672,0.24713862988259397,0.17623601482905957,0.20912674601857714,True,True,True,"[0.07591, 0.04922, 0.04268]",[],3301,200,8,6,32,4,5.6,cuda,cut,0.05,8,float32,0.2907939653096018,20
hops,s264,8,heat,relu,0.5,264,0.08750865776609214,0.07782815378931453,0.08290286879161035,0.20912674601857714,True,True,True,"[0.07631, 0.05023, 0.01794]","[2.5309, 2.0332, -0.0591, -0.1771]",3301,200,8,6,32,4,8.3,cuda,cut,0.05,8,float32,0.2907939653096018,20
hops,s264,8,qw,relu,0.5,264,0.07137431871766846,0.08079902781084274,0.07051524020040012,0.20912674601857714,True,True,True,"[0.07614, 0.04733, 0.0116]","[1.5758, 1.4021, 1.483, 1.4894]",3301,200,8,6,32,4,8.8,cuda,cut,0.05,8,float32,0.2907939653096018,20
hops,s264,9,gcn,relu,0.5,264,0.13793632761349506,0.21612683997236215,0.15623409061509214,0.19265717992587297,True,True,True,"[0.06688, 0.05363, 0.03752]",[],3301,200,8,6,32,4,6.0,cuda,cut,0.05,8,float32,0.273270004191279,20
hops,s264,9,heat,relu,0.5,264,0.10970479633066466,0.1772954858119936,0.13030620341570204,0.19265717992587297,True,True,True,"[0.06691, 0.05918, 0.05036]","[1.2484, 1.2876, 1.1683, -0.254]",3301,200,8,6,32,4,8.2,cuda,cut,0.05,8,float32,0.273270004191279,20
hops,s264,9,qw,relu,0.5,264,0.08983701482800899,0.09805984076485823,0.09903446016621523,0.19265717992587297,True,True,True,"[0.06682, 0.05903, 0.04432]","[1.7081, 1.2427, 0.8368, -0.106]",3301,200,8,6,32,4,8.5,cuda,cut,0.05,8,float32,0.273270004191279,20
delay,s264,0,gcn,relu,0.5,264,0.17770947556415895,0.13758742606323365,0.17651218550886508,0.1784763727337122,True,True,True,"[0.07763, 0.04674, 0.03934]",[],3301,200,8,6,32,4,5.6,cuda,cut,0.05,8,float32,0.24224253883709823,20
delay,s264,0,heat,relu,0.5,264,0.12517512270315279,0.13716579860365766,0.12701849780877994,0.1784763727337122,True,True,True,"[0.07754, 0.04612, 0.03503]","[2.4299, -0.2056, -0.2127, -0.2099]",3301,200,8,6,32,4,8.2,cuda,cut,0.05,8,float32,0.24224253883709823,20
delay,s264,0,qw,relu,0.5,264,0.14864988974765922,0.17829305750953953,0.15202596604252572,0.1784763727337122,True,True,True,"[0.07745, 0.04557, 0.0383]","[0.8739, -0.0364, -0.025, -0.0168]",3301,200,8,6,32,4,8.7,cuda,cut,0.05,8,float32,0.24224253883709823,20
delay,s264,1,gcn,relu,0.5,264,0.1607643702276747,0.16026497125717631,0.15805772268636661,0.18130437167704747,True,True,True,"[0.06601, 0.04804, 0.03472]",[],3301,200,8,6,32,4,5.6,cuda,cut,0.05,8,float32,0.2482453209224843,20
delay,s264,1,heat,relu,0.5,264,0.11612224583678661,0.16345296526867506,0.1159330069538996,0.18130437167704747,True,True,True,"[0.06609, 0.04804, 0.02941]","[2.3834, -0.1969, -0.1984, -0.1914]",3301,200,8,6,32,4,8.2,cuda,cut,0.05,8,float32,0.2482453209224843,20
delay,s264,1,qw,relu,0.5,264,0.15095372880559718,0.19746973426015238,0.16065728425217624,0.18130437167704747,True,True,True,"[0.06598, 0.04999, 0.0424]","[0.8508, -0.0186, -0.0314, -0.03]",3301,200,8,6,32,4,8.8,cuda,cut,0.05,8,float32,0.2482453209224843,20
delay,s264,2,gcn,relu,0.5,264,0.1486254534989859,0.1912791637311008,0.15027874170195762,0.17940558485376337,True,True,True,"[0.05751, 0.0473, 0.03853]",[],3301,200,8,6,32,4,5.6,cuda,cut,0.05,8,float32,0.2421685143875647,20
delay,s264,2,heat,relu,0.5,264,0.15112278741464547,0.17752169596191267,0.15307260948325027,0.17940558485376337,True,True,True,"[0.05772, 0.04848, 0.04513]","[1.2816, -0.2029, -0.2027, -0.2324]",3301,200,8,6,32,4,8.2,cuda,cut,0.05,8,float32,0.2421685143875647,20
delay,s264,2,qw,relu,0.5,264,0.17244321556357348,0.23017748678544303,0.17368541080610486,0.17940558485376337,True,True,True,"[0.05759, 0.04844, 0.04693]","[0.6807, -0.0473, -0.0445, -0.0543]",3301,200,8,6,32,4,8.8,cuda,cut,0.05,8,float32,0.2421685143875647,20
delay,s264,3,gcn,relu,0.5,264,0.16199046394180958,0.23694203299965677,0.15263546670868175,0.1834615095661991,True,True,True,"[0.05188, 0.04344, 0.03566]",[],3301,200,8,6,32,4,5.6,cuda,cut,0.05,8,float32,0.2436870119141773,20
delay,s264,3,heat,relu,0.5,264,0.12622388228985734,0.1428763969027982,0.12250866477331851,0.1834615095661991,True,True,True,"[0.05184, 0.04331, 0.02794]","[2.4631, -0.2039, -0.2036, -0.2028]",3301,200,8,6,32,4,8.3,cuda,cut,0.05,8,float32,0.2436870119141773,20
delay,s264,3,qw,relu,0.5,264,0.1541857371033837,0.17940956463754884,0.14561902523785125,0.1834615095661991,True,True,True,"[0.05187, 0.04287, 0.03482]","[0.9072, -0.0178, -0.0548, -0.0589]",3301,200,8,6,32,4,8.8,cuda,cut,0.05,8,float32,0.2436870119141773,20
delay,s264,4,gcn,relu,0.5,264,0.1429276719437724,0.16065306186172332,0.1471666777047865,0.1758919300316278,True,True,True,"[0.05879, 0.04668, 0.03819]",[],3301,200,8,6,32,4,5.6,cuda,cut,0.05,8,float32,0.24038018968527722,20
delay,s264,4,heat,relu,0.5,264,0.11938665363340252,0.16670113041252213,0.12159329954407772,0.1758919300316278,True,True,True,"[0.05883, 0.0468, 0.03372]","[2.2044, -0.2098, -0.2183, -0.2051]",3301,200,8,6,32,4,8.2,cuda,cut,0.05,8,float32,0.24038018968527722,20
delay,s264,4,qw,relu,0.5,264,0.1415001724980715,0.18419679023236293,0.14551350456013373,0.1758919300316278,True,True,True,"[0.05878, 0.04642, 0.03764]","[0.9017, -0.0084, -0.0197, -0.0272]",3301,200,8,6,32,4,8.8,cuda,cut,0.05,8,float32,0.24038018968527722,20
delay,s264,5,gcn,relu,0.5,264,0.14877781150580358,0.1842077397948403,0.16252630872821267,0.17532704785616715,True,True,True,"[0.06908, 0.04924, 0.04269]",[],3301,200,8,6,32,4,5.6,cuda,cut,0.05,8,float32,0.23757896651864885,20
delay,s264,5,heat,relu,0.5,264,0.17491110628752995,0.23711705619844112,0.18445870132100853,0.17532704785616715,True,True,True,"[0.06889, 0.05048, 0.04982]","[0.6773, -0.2208, -0.2319, -0.2324]",3301,200,8,6,32,4,8.3,cuda,cut,0.05,8,float32,0.23757896651864885,20
delay,s264,5,qw,relu,0.5,264,0.11367596884380386,0.12196943731512666,0.10408533422389266,0.17532704785616715,True,True,True,"[0.06879, 0.04413, 0.02044]","[1.2791, 1.4806, 0.8106, -0.0822]",3301,200,8,6,32,4,8.7,cuda,cut,0.05,8,float32,0.23757896651864885,20
delay,s264,6,gcn,relu,0.5,264,0.1435676271241685,0.15652388811147688,0.14740177868886595,0.17780672095838299,True,True,True,"[0.0603, 0.0474, 0.03817]",[],3301,200,8,6,32,4,5.6,cuda,cut,0.05,8,float32,0.24289243794613513,20
delay,s264,6,heat,relu,0.5,264,0.12179268578848228,0.14114347289988685,0.1251664079503495,0.17780672095838299,True,True,True,"[0.06084, 0.0476, 0.03736]","[2.1222, -0.1949, -0.2228, -0.2208]",3301,200,8,6,32,4,8.3,cuda,cut,0.05,8,float32,0.24289243794613513,20
delay,s264,6,qw,relu,0.5,264,0.14299868277481034,0.17578973458737912,0.14800447357684432,0.17780672095838299,True,True,True,"[0.06036, 0.0469, 0.03679]","[0.8877, -0.0117, -0.0462, -0.0464]",3301,200,8,6,32,4,8.8,cuda,cut,0.05,8,float32,0.24289243794613513,20
delay,s264,7,gcn,relu,0.5,264,0.143356084480242,0.21271459679085714,0.14114683455960458,0.17869648637927393,True,True,True,"[0.05598, 0.04702, 0.03514]",[],3301,200,8,6,32,4,5.6,cuda,cut,0.05,8,float32,0.23892260421323266,20
delay,s264,7,heat,relu,0.5,264,0.11449225044178994,0.16074221309952966,0.11247500719477874,0.17869648637927393,True,True,True,"[0.05582, 0.04726, 0.03601]","[1.6375, 1.1113, -0.2128, -0.241]",3301,200,8,6,32,4,8.3,cuda,cut,0.05,8,float32,0.23892260421323266,20
delay,s264,7,qw,relu,0.5,264,0.11460271641386277,0.14786781017547587,0.10650347258673387,0.17869648637927393,True,True,True,"[0.05587, 0.04719, 0.03453]","[1.4222, 0.9501, 0.856, 0.7142]",3301,200,8,6,32,4,8.9,cuda,cut,0.05,8,float32,0.23892260421323266,20
delay,s264,8,gcn,relu,0.5,264,0.14013436413370073,0.1927794349680112,0.1429222732390785,0.1818442901083729,True,True,True,"[0.06692, 0.04037, 0.03312]",[],3301,200,8,6,32,4,5.6,cuda,cut,0.05,8,float32,0.24550723791554188,20
delay,s264,8,heat,relu,0.5,264,0.10257893733238105,0.13261125573311622,0.10855689574082411,0.1818442901083729,True,True,True,"[0.06711, 0.04297, 0.02225]","[2.2446, 1.7776, -0.1378, -0.1432]",3301,200,8,6,32,4,8.2,cuda,cut,0.05,8,float32,0.24550723791554188,20
delay,s264,8,qw,relu,0.5,264,0.10371197152158451,0.1265372060584392,0.11108501460826534,0.1818442901083729,True,True,True,"[0.06693, 0.04251, 0.0223]","[1.3739, 0.904, 0.9156, 1.1469]",3301,200,8,6,32,4,8.7,cuda,cut,0.05,8,float32,0.24550723791554188,20
delay,s264,9,gcn,relu,0.5,264,0.13118554968763182,0.1722295410976893,0.1359749242829187,0.17468010527881409,True,True,True,"[0.05828, 0.04304, 0.0308]",[],3301,200,8,6,32,4,5.6,cuda,cut,0.05,8,float32,0.23707024802930401,20
delay,s264,9,heat,relu,0.5,264,0.16873900511424347,0.1871348741517086,0.1752010690291751,0.17468010527881409,True,True,True,"[0.05834, 0.04835, 0.04742]","[0.6998, 0.2619, -0.2212, -0.2242]",3301,200,8,6,32,4,8.3,cuda,cut,0.05,8,float32,0.23707024802930401,20
delay,s264,9,qw,relu,0.5,264,0.11614048338937338,0.12617024853048422,0.10771922272749979,0.17468010527881409,True,True,True,"[0.05815, 0.04808, 0.0331]","[1.4926, 1.0892, 0.7744, -0.093]",3301,200,8,6,32,4,8.7,cuda,cut,0.05,8,float32,0.23707024802930401,20
hops,s4400,0,gcn,relu,2.0,4400,0.19162900652327206,0.2786061094690995,0.20052717003802006,0.19099645751260338,False,True,True,"[0.07846, 0.05512, 0.05496]",[],3301,200,8,6,32,4,20.1,cuda,cut,0.05,8,float32,0.2821006900464718,20
hops,s4400,0,gcn,softplus,2.0,4400,0.19162900652327206,0.2786061094690995,0.20052717003802006,0.19099645751260338,False,True,True,"[0.07846, 0.05512, 0.05496]",[],3301,200,8,6,32,4,20.9,cuda,cut,0.05,8,float32,0.2821006900464718,20
hops,s4400,0,heat,relu,2.0,4400,0.19154192131280787,0.2781898880390612,0.2004367159053006,0.19099645751260338,False,True,True,"[0.07838, 0.05514, 0.05496]","[2.7006, 2.1821, 2.1841, 2.184]",3301,200,8,6,32,4,65.0,cuda,cut,0.05,8,float32,0.2821006900464718,20
hops,s4400,0,heat,softplus,2.0,4400,0.19153323191514407,0.27808498847349866,0.200430237792263,0.19099645751260338,False,True,True,"[0.07838, 0.05514, 0.05495]","[2.6847, 2.1294, 2.1313, 2.1312]",3301,200,8,6,32,4,65.7,cuda,cut,0.05,8,float32,0.2821006900464718,20
hops,s4400,0,qw,relu,2.0,4400,0.1919571018945708,0.27949994385650473,0.20076405591500754,0.19099645751260338,False,True,True,"[0.07841, 0.05516, 0.0551]","[2.868, 2.967, 2.9621, 2.9624]",3301,200,8,6,32,4,125.8,cuda,cut,0.05,8,float32,0.2821006900464718,20
hops,s4400,0,qw,softplus,2.0,4400,0.19195635692230564,0.2795015810891677,0.20076314356093378,0.19099645751260338,False,True,True,"[0.07841, 0.05516, 0.0551]","[2.8088, 2.902, 2.8984, 2.899]",3301,200,8,6,32,4,129.7,cuda,cut,0.05,8,float32,0.2821006900464718,20
hops,s4400,1,gcn,relu,2.0,4400,0.2040292993965418,0.281498251858508,0.21697254705094648,0.20176043820750875,False,True,True,"[0.07388, 0.06276, 0.0627]",[],3301,200,8,6,32,4,18.7,cuda,cut,0.05,8,float32,0.2928351628019791,20
hops,s4400,1,gcn,softplus,2.0,4400,0.2040292993965418,0.281498251858508,0.21697254705094648,0.20176043820750875,False,True,True,"[0.07388, 0.06276, 0.0627]",[],3301,200,8,6,32,4,18.9,cuda,cut,0.05,8,float32,0.2928351628019791,20
hops,s4400,1,heat,relu,2.0,4400,0.20405977839533465,0.28073993410689774,0.21700830661120232,0.20176043820750875,False,True,True,"[0.07384, 0.06275, 0.0627]","[2.8189, 3.0137, 3.0136, 3.043]",3301,200,8,6,32,4,64.8,cuda,cut,0.05,8,float32,0.2928351628019791,20
hops,s4400,1,heat,softplus,2.0,4400,0.2040591165670335,0.28074443412168953,0.21700806467730382,0.20176043820750875,False,True,True,"[0.07384, 0.06275, 0.0627]","[2.7774, 2.9581, 2.958, 2.985]",3301,200,8,6,32,4,66.6,cuda,cut,0.05,8,float32,0.2928351628019791,20
hops,s4400,1,qw,relu,2.0,4400,0.2040703380490286,0.2806433104959669,0.2170232182497751,0.20176043820750875,False,True,True,"[0.07409, 0.06274, 0.06271]","[2.546, 2.956, 2.9564, 2.9815]",3301,200,8,6,32,4,126.0,cuda,cut,0.05,8,float32,0.2928351628019791,20
hops,s4400,1,qw,softplus,2.0,4400,0.20407024868947424,0.28064661447898853,0.21702291962796483,0.20176043820750875,False,True,True,"[0.07409, 0.06274, 0.06271]","[2.5213, 2.906, 2.9061, 2.9316]",3301,200,8,6,32,4,137.4,cuda,cut,0.05,8,float32,0.2928351628019791,20
hops,s4400,2,gcn,relu,2.0,4400,0.2005446665337535,0.2889679821874635,0.2024654243764764,0.19946591633724783,False,True,True,"[0.06301, 0.05617, 0.05614]",[],3301,200,8,6,32,4,19.2,cuda,cut,0.05,8,float32,0.28265171627811597,20
hops,s4400,2,gcn,softplus,2.0,4400,0.2005446665337535,0.2889679821874635,0.2024654243764764,0.19946591633724783,False,True,True,"[0.06301, 0.05617, 0.05614]",[],3301,200,8,6,32,4,18.3,cuda,cut,0.05,8,float32,0.28265171627811597,20
hops,s4400,2,heat,relu,2.0,4400,0.20054161852155108,0.2885244129477877,0.20246141988159666,0.19946591633724783,False,True,True,"[0.06299, 0.05616, 0.05614]","[3.0606, 3.0401, 3.0405, 3.0427]",3301,200,8,6,32,4,65.3,cuda,cut,0.05,8,float32,0.28265171627811597,20
hops,s4400,2,heat,softplus,2.0,4400,0.20054156282733224,0.28852532104504197,0.20246136531710032,0.19946591633724783,False,True,True,"[0.06299, 0.05616, 0.05614]","[3.0034, 2.9831, 2.9835, 2.9857]",3301,200,8,6,32,4,68.4,cuda,cut,0.05,8,float32,0.28265171627811597,20
hops,s4400,2,qw,relu,2.0,4400,0.2005432077292635,0.2884657160313759,0.20246279585990123,0.19946591633724783,False,True,True,"[0.06298, 0.05615, 0.05613]","[3.1583, 3.1322, 3.1325, 3.1323]",3301,200,8,6,32,4,126.4,cuda,cut,0.05,8,float32,0.28265171627811597,20
hops,s4400,3,gcn,relu,2.0,4400,0.21172180901888307,0.2846552120791693,0.1931333256024994,0.21148654558230193,False,False,True,"[0.05663, 0.05355, 0.05216]",[],3301,200,8,6,32,4,19.1,cuda,cut,0.05,8,float32,0.29072867564712807,20
hops,s4400,2,qw,softplus,2.0,4400,0.20054314767758388,0.28846627159515453,0.2024628083955031,0.19946591633724783,False,True,True,"[0.06298, 0.05615, 0.05613]","[3.0966, 3.0725, 3.0723, 3.0722]",3301,200,8,6,32,4,144.8,cuda,cut,0.05,8,float32,0.28265171627811597,20
hops,s4400,3,gcn,softplus,2.0,4400,0.21172180901888307,0.2846552120791693,0.1931333256024994,0.21148654558230193,False,False,True,"[0.05663, 0.05355, 0.05216]",[],3301,200,8,6,32,4,18.0,cuda,cut,0.05,8,float32,0.29072867564712807,20
hops,s4400,3,heat,relu,2.0,4400,0.21016296501539533,0.29894782592651603,0.19007514341977766,0.21148654558230193,True,False,True,"[0.05646, 0.05376, 0.0521]","[3.9227, 1.9102, 1.1027, 0.8003]",3301,200,8,6,32,4,65.2,cuda,cut,0.05,8,float32,0.29072867564712807,20
hops,s4400,3,heat,softplus,2.0,4400,0.21045052173138226,0.30325715112884216,0.1867508583083029,0.21148654558230193,True,False,True,"[0.05646, 0.05376, 0.05111]","[3.9511, 2.1496, 1.6493, 1.3313]",3301,200,8,6,32,4,70.2,cuda,cut,0.05,8,float32,0.29072867564712807,20
hops,s4400,3,qw,relu,2.0,4400,0.21069208105645063,0.28662060680493867,0.1933437721641861,0.21148654558230193,True,False,True,"[0.05646, 0.05379, 0.05297]","[2.2746, 0.8826, 0.6286, 0.4248]",3301,200,8,6,32,4,126.4,cuda,cut,0.05,8,float32,0.29072867564712807,20
hops,s4400,4,gcn,relu,2.0,4400,0.19110188425137575,0.28112955515736654,0.19460469607613048,0.1895199613768438,False,True,True,"[0.06126, 0.05291, 0.0528]",[],3301,200,8,6,32,4,19.1,cuda,cut,0.05,8,float32,0.2771106549097857,20
hops,s4400,3,qw,softplus,2.0,4400,0.2095815325450773,0.2920285780448533,0.18938575307828037,0.21148654558230193,True,False,True,"[0.05646, 0.05379, 0.05239]","[2.2136, 0.883, 0.8056, 0.7522]",3301,200,8,6,32,4,148.8,cuda,cut,0.05,8,float32,0.29072867564712807,20
hops,s4400,4,gcn,softplus,2.0,4400,0.19110188425137575,0.28112955515736654,0.19460469607613048,0.1895199613768438,False,True,True,"[0.06126, 0.05291, 0.0528]",[],3301,200,8,6,32,4,18.4,cuda,cut,0.05,8,float32,0.2771106549097857,20
hops,s4400,4,heat,relu,2.0,4400,0.19110135122667996,0.28065020856269257,0.19460321477201598,0.1895199613768438,False,True,True,"[0.06145, 0.05288, 0.05279]","[2.989, 2.7348, 2.774, 2.774]",3301,200,8,6,32,4,65.3,cuda,cut,0.05,8,float32,0.2771106549097857,20
hops,s4400,4,heat,softplus,2.0,4400,0.19110074332929358,0.2806493948880902,0.1946026614207817,0.1895199613768438,False,True,True,"[0.06145, 0.05288, 0.05279]","[2.9568, 2.6787, 2.7153, 2.7153]",3301,200,8,6,32,4,71.5,cuda,cut,0.05,8,float32,0.2771106549097857,20
hops,s4400,4,qw,relu,2.0,4400,0.19113762088218758,0.28074760104711977,0.19463100408807144,0.1895199613768438,False,True,True,"[0.06142, 0.05289, 0.05281]","[2.9676, 2.9389, 2.9679, 2.9674]",3301,200,8,6,32,4,126.3,cuda,cut,0.05,8,float32,0.2771106549097857,20
hops,s4400,5,gcn,relu,2.0,4400,0.194758414872922,0.2736567283675115,0.20889101871067065,0.19286728251570215,False,True,True,"[0.07283, 0.05913, 0.05892]",[],3301,200,8,6,32,4,18.2,cuda,cut,0.05,8,float32,0.27951252176687014,20
hops,s4400,5,heat,relu,2.0,4400,0.19538867362478576,0.2778976423217432,0.20921836270559155,0.19286728251570215,False,True,True,"[0.07275, 0.05916, 0.05915]","[3.0538, 3.0557, 3.043, 3.0094]",3301,200,8,6,32,4,64.8,cuda,cut,0.05,8,float32,0.27951252176687014,20
hops,s4400,4,qw,softplus,2.0,4400,0.1911345188544047,0.2807540656337473,0.19462809315893206,0.1895199613768438,False,True,True,"[0.06142, 0.05289, 0.05281]","[2.9535, 2.8715, 2.8984, 2.8984]",3301,200,8,6,32,4,151.9,cuda,cut,0.05,8,float32,0.2771106549097857,20
hops,s4400,5,gcn,softplus,2.0,4400,0.194758414872922,0.2736567283675115,0.20889101871067065,0.19286728251570215,False,True,True,"[0.07283, 0.05913, 0.05892]",[],3301,200,8,6,32,4,18.1,cuda,cut,0.05,8,float32,0.27951252176687014,20
hops,s4400,5,heat,softplus,2.0,4400,0.19538863522607383,0.2778986146426666,0.2092183306342287,0.19286728251570215,False,True,True,"[0.07275, 0.05916, 0.05915]","[2.9959, 2.9977, 2.9858, 2.9552]",3301,200,8,6,32,4,73.2,cuda,cut,0.05,8,float32,0.27951252176687014,20
hops,s4400,5,qw,relu,2.0,4400,0.19539021318679617,0.2778258098446768,0.20921977918796159,0.19286728251570215,False,True,True,"[0.07274, 0.05916, 0.05915]","[3.0842, 3.085, 3.1066, 3.0692]",3301,200,8,6,32,4,126.2,cuda,cut,0.05,8,float32,0.27951252176687014,20
hops,s4400,6,gcn,relu,2.0,4400,0.19311325973365456,0.2797651883938104,0.19725083735877308,0.19208520169920204,False,True,True,"[0.06286, 0.0538, 0.05374]",[],3301,200,8,6,32,4,18.2,cuda,cut,0.05,8,float32,0.283892721785415,20
hops,s4400,6,heat,relu,2.0,4400,0.1823488722071334,0.26175557905115526,0.18748483357125556,0.19208520169920204,True,True,True,"[0.06286, 0.0536, 0.05146]","[3.7213, 2.4148, 1.2404, 1.1134]",3301,200,8,6,32,4,64.9,cuda,cut,0.05,8,float32,0.283892721785415,20
hops,s4400,5,qw,softplus,2.0,4400,0.19539004199277385,0.27782889562267127,0.20921962599725125,0.19286728251570215,False,True,True,"[0.07274, 0.05916, 0.05915]","[3.0276, 3.0284, 3.0483, 3.0135]",3301,200,8,6,32,4,153.6,cuda,cut,0.05,8,float32,0.27951252176687014,20
hops,s4400,6,gcn,softplus,2.0,4400,0.19311325973365456,0.2797651883938104,0.19725083735877308,0.19208520169920204,False,True,True,"[0.06286, 0.0538, 0.05374]",[],3301,200,8,6,32,4,18.2,cuda,cut,0.05,8,float32,0.283892721785415,20
hops,s4400,6,qw,relu,2.0,4400,0.18671815036556147,0.23026301479950173,0.18978228285167875,0.19208520169920204,True,True,True,"[0.06287, 0.0537, 0.05182]","[2.278, 1.6487, 0.6074, 0.6077]",3301,200,8,6,32,4,126.2,cuda,cut,0.05,8,float32,0.283892721785415,20
hops,s4400,6,heat,softplus,2.0,4400,0.18214334676846522,0.27706043352679594,0.188207309727176,0.19208520169920204,True,True,True,"[0.06286, 0.0536, 0.05139]","[3.6331, 2.3498, 1.265, 1.1753]",3301,200,8,6,32,4,74.6,cuda,cut,0.05,8,float32,0.283892721785415,20
hops,s4400,7,gcn,relu,2.0,4400,0.19536951786020038,0.2779907476312183,0.19858665968460792,0.19563119266915954,True,True,True,"[0.06101, 0.05507, 0.05469]",[],3301,200,8,6,32,4,18.3,cuda,cut,0.05,8,float32,0.2761582395300048,20
hops,s4400,7,heat,relu,2.0,4400,0.19720137720476047,0.2894897495811097,0.19999724108979783,0.19563119266915954,False,False,True,"[0.0609, 0.05504, 0.05497]","[2.6057, 2.5295, 2.5324, 2.5261]",3301,200,8,6,32,4,64.9,cuda,cut,0.05,8,float32,0.2761582395300048,20
hops,s4400,6,qw,softplus,2.0,4400,0.18242169564716856,0.28875018729597607,0.18924920383353971,0.19208520169920204,True,True,True,"[0.06287, 0.0537, 0.05172]","[2.2308, 1.5738, 0.9013, 0.9019]",3301,200,8,6,32,4,152.6,cuda,cut,0.05,8,float32,0.283892721785415,20
hops,s4400,7,gcn,softplus,2.0,4400,0.19536951786020038,0.2779907476312183,0.19858665968460792,0.19563119266915954,True,True,True,"[0.06101, 0.05507, 0.05469]",[],3301,200,8,6,32,4,18.1,cuda,cut,0.05,8,float32,0.2761582395300048,20
hops,s4400,7,qw,relu,2.0,4400,0.19731923039607477,0.2898016821310466,0.20010358841751108,0.19563119266915954,False,False,True,"[0.06093, 0.05504, 0.055]","[2.866, 2.866, 2.8656, 2.8649]",3301,200,8,6,32,4,126.2,cuda,cut,0.05,8,float32,0.2761582395300048,20
hops,s4400,8,gcn,relu,2.0,4400,0.20223252321325355,0.26511445161402003,0.20273791895020454,0.20206346859012478,False,True,True,"[0.07186, 0.05698, 0.05587]",[],3301,200,8,6,32,4,18.2,cuda,cut,0.05,8,float32,0.2922868436180806,20
hops,s4400,7,heat,softplus,2.0,4400,0.197200013268739,0.2894981424339303,0.19999455325051466,0.19563119266915954,False,False,True,"[0.0609, 0.05504, 0.05497]","[2.5512, 2.4777, 2.4804, 2.4741]",3301,200,8,6,32,4,73.1,cuda,cut,0.05,8,float32,0.2761582395300048,20
hops,s4400,8,heat,relu,2.0,4400,0.20451809390179923,0.2850207548145976,0.20541368207920724,0.20206346859012478,False,True,True,"[0.07196, 0.05731, 0.05726]","[2.7269, 2.6531, 2.7094, 2.689]",3301,200,8,6,32,4,64.9,cuda,cut,0.05,8,float32,0.2922868436180806,20
hops,s4400,7,qw,softplus,2.0,4400,0.19731751601070616,0.28981064102536436,0.20010087439536373,0.19563119266915954,False,False,True,"[0.06093, 0.05504, 0.055]","[2.8002, 2.8, 2.8001, 2.7992]",3301,200,8,6,32,4,155.0,cuda,cut,0.05,8,float32,0.2761582395300048,20
hops,s4400,8,qw,relu,2.0,4400,0.20452414848404288,0.28503181912421044,0.20542490107626443,0.20206346859012478,False,True,True,"[0.07197, 0.05731, 0.05727]","[2.7226, 2.7663, 2.7986, 2.7941]",3301,200,8,6,32,4,126.2,cuda,cut,0.05,8,float32,0.2922868436180806,20
hops,s4400,8,gcn,softplus,2.0,4400,0.20223252321325355,0.26511445161402003,0.20273791895020454,0.20206346859012478,False,True,True,"[0.07186, 0.05698, 0.05587]",[],3301,200,8,6,32,4,19.1,cuda,cut,0.05,8,float32,0.2922868436180806,20
hops,s4400,9,gcn,relu,2.0,4400,0.18794586698817453,0.2808019261145666,0.20165135565817102,0.18654150678053016,False,True,True,"[0.06252, 0.05568, 0.05566]",[],3301,200,8,6,32,4,18.5,cuda,cut,0.05,8,float32,0.2765187413343975,20
hops,s4400,9,heat,relu,2.0,4400,0.18799941056192795,0.2808756921217277,0.20168614701801826,0.18654150678053016,False,True,True,"[0.0626, 0.05569, 0.05568]","[2.8188, 2.7633, 2.7636, 2.7646]",3301,200,8,6,32,4,64.9,cuda,cut,0.05,8,float32,0.2765187413343975,20
hops,s4400,8,heat,softplus,2.0,4400,0.20451798968623872,0.2850208592447739,0.20541353343165775,0.20206346859012478,False,True,True,"[0.07196, 0.05731, 0.05726]","[2.6847, 2.5991, 2.6519, 2.6331]",3301,200,8,6,32,4,73.4,cuda,cut,0.05,8,float32,0.2922868436180806,20
hops,s4400,9,qw,relu,2.0,4400,0.187979555111202,0.28123031127712,0.2016531125516419,0.18654150678053016,False,True,True,"[0.0626, 0.05569, 0.05568]","[2.8356, 2.8166, 2.816, 2.8158]",3301,200,8,6,32,4,126.2,cuda,cut,0.05,8,float32,0.2765187413343975,20
delay,s4400,0,gcn,relu,2.0,4400,0.1677098281503916,0.23639128890408434,0.16942913129491816,0.16726009848360043,False,True,True,"[0.06969, 0.04257, 0.04251]",[],3301,200,8,6,32,4,20.3,cuda,cut,0.05,8,float32,0.237143115375695,20
hops,s4400,8,qw,softplus,2.0,4400,0.20452441110797792,0.2850278894594577,0.2054245293227723,0.20206346859012478,False,True,True,"[0.07197, 0.05731, 0.05727]","[2.6494, 2.7037, 2.7331, 2.7335]",3301,200,8,6,32,4,157.2,cuda,cut,0.05,8,float32,0.2922868436180806,20
hops,s4400,9,gcn,softplus,2.0,4400,0.18794586698817453,0.2808019261145666,0.20165135565817102,0.18654150678053016,False,True,True,"[0.06252, 0.05568, 0.05566]",[],3301,200,8,6,32,4,18.1,cuda,cut,0.05,8,float32,0.2765187413343975,20
delay,s4400,0,heat,relu,2.0,4400,0.16767006975487508,0.23525647672571917,0.1694034449052362,0.16726009848360043,False,True,True,"[0.0696, 0.04255, 0.04249]","[2.4492, 2.5394, 2.5375, 2.5375]",3301,200,8,6,32,4,67.0,cuda,cut,0.05,8,float32,0.237143115375695,20
hops,s4400,9,heat,softplus,2.0,4400,0.18799909206879836,0.2808752051192675,0.20168594289496966,0.18654150678053016,False,True,True,"[0.0626, 0.05569, 0.05568]","[2.7634, 2.707, 2.7074, 2.7084]",3301,200,8,6,32,4,72.6,cuda,cut,0.05,8,float32,0.2765187413343975,20
delay,s4400,0,qw,relu,2.0,4400,0.16767399058227472,0.2351392545639935,0.1694083376346283,0.16726009848360043,False,True,True,"[0.06961, 0.04255, 0.0425]","[2.4753, 2.6162, 2.6125, 2.613]",3301,200,8,6,32,4,128.3,cuda,cut,0.05,8,float32,0.237143115375695,20
delay,s4400,1,gcn,relu,2.0,4400,0.17013551384794426,0.23775769928227145,0.17583034609809559,0.16960492224197932,False,True,True,"[0.05845, 0.04561, 0.04542]",[],3301,200,8,6,32,4,20.2,cuda,cut,0.05,8,float32,0.2396923239194395,20
hops,s4400,9,qw,softplus,2.0,4400,0.18798155168279526,0.28119591846211306,0.20165632403635592,0.18654150678053016,False,True,True,"[0.0626, 0.05569, 0.05568]","[2.7676, 2.7562, 2.7562, 2.756]",3301,200,8,6,32,4,155.1,cuda,cut,0.05,8,float32,0.2765187413343975,20
delay,s4400,0,gcn,softplus,2.0,4400,0.1677098281503916,0.23639128890408434,0.16942913129491816,0.16726009848360043,False,True,True,"[0.06969, 0.04257, 0.04251]",[],3301,200,8,6,32,4,20.2,cuda,cut,0.05,8,float32,0.237143115375695,20
delay,s4400,1,heat,relu,2.0,4400,0.17040826133612866,0.237228137660871,0.17610884068644903,0.16960492224197932,False,True,True,"[0.05843, 0.04563, 0.04558]","[2.359, 2.2767, 2.2691, 2.3113]",3301,200,8,6,32,4,67.0,cuda,cut,0.05,8,float32,0.2396923239194395,20
delay,s4400,0,heat,softplus,2.0,4400,0.16766998916894382,0.23525877440097395,0.16940334038544363,0.16726009848360043,False,True,True,"[0.0696, 0.04255, 0.04249]","[2.4038, 2.4875, 2.4857, 2.4857]",3301,200,8,6,32,4,74.2,cuda,cut,0.05,8,float32,0.237143115375695,20
delay,s4400,1,qw,relu,2.0,4400,0.17041701317417335,0.2371552079069125,0.1761205338282955,0.16960492224197932,False,True,True,"[0.05869, 0.04563, 0.0456]","[2.091, 2.0898, 2.0893, 2.1238]",3301,200,8,6,32,4,128.3,cuda,cut,0.05,8,float32,0.2396923239194395,20
delay,s4400,2,gcn,relu,2.0,4400,0.16900003421547202,0.2381504042907828,0.1705490205981451,0.1683406888620547,False,True,True,"[0.05132, 0.04291, 0.04289]",[],3301,200,8,6,32,4,20.1,cuda,cut,0.05,8,float32,0.23419693604385983,20
delay,s4400,2,heat,relu,2.0,4400,0.16898562318056287,0.2375250935445278,0.17053610492608806,0.1683406888620547,False,True,True,"[0.0513, 0.04291, 0.04289]","[2.9072, 2.8952, 2.9056, 2.9071]",3301,200,8,6,32,4,66.8,cuda,cut,0.05,8,float32,0.23419693604385983,20
delay,s4400,0,qw,softplus,2.0,4400,0.16767337075605718,0.23514394437562958,0.1694077344703361,0.16726009848360043,False,True,True,"[0.06961, 0.04255, 0.0425]","[2.4284, 2.5565, 2.5547, 2.5538]",3301,200,8,6,32,4,156.0,cuda,cut,0.05,8,float32,0.237143115375695,20
delay,s4400,1,gcn,softplus,2.0,4400,0.17013551384794426,0.23775769928227145,0.17583034609809559,0.16960492224197932,False,True,True,"[0.05845, 0.04561, 0.04542]",[],3301,200,8,6,32,4,20.2,cuda,cut,0.05,8,float32,0.2396923239194395,20
delay,s4400,1,heat,softplus,2.0,4400,0.1704082169272817,0.23722913323841613,0.17610875359847508,0.16960492224197932,False,True,True,"[0.05843, 0.04563, 0.04558]","[2.334, 2.2496, 2.2423, 2.2798]",3301,200,8,6,32,4,76.5,cuda,cut,0.05,8,float32,0.2396923239194395,20
delay,s4400,2,qw,relu,2.0,4400,0.16898321457605836,0.23742904534183074,0.17053435280183543,0.1683406888620547,False,True,True,"[0.0513, 0.0429, 0.04289]","[2.9877, 2.9776, 2.9807, 2.9814]",3301,200,8,6,32,4,127.9,cuda,cut,0.05,8,float32,0.23419693604385983,20
delay,s4400,3,gcn,relu,2.0,4400,0.17549529160078345,0.24199656502547204,0.16665276708741494,0.17430391645131307,False,False,True,"[0.04569, 0.04195, 0.04146]",[],3301,200,8,6,32,4,20.0,cuda,cut,0.05,8,float32,0.23789579022809582,20
delay,s4400,3,heat,relu,2.0,4400,0.175298512862646,0.24618034717442858,0.1680721158625701,0.17430391645131307,False,False,True,"[0.04567, 0.04203, 0.04197]","[1.9142, 1.458, 1.4451, 1.446]",3301,200,8,6,32,4,66.7,cuda,cut,0.05,8,float32,0.23789579022809582,20
delay,s4400,1,qw,softplus,2.0,4400,0.17041657727344006,0.23715479689993477,0.17612015339741693,0.16960492224197932,False,True,True,"[0.05869, 0.04563, 0.0456]","[2.0828, 2.0864, 2.0863, 2.1157]",3301,200,8,6,32,4,156.0,cuda,cut,0.05,8,float32,0.2396923239194395,20
delay,s4400,2,gcn,softplus,2.0,4400,0.16900003421547202,0.2381504042907828,0.1705490205981451,0.1683406888620547,False,True,True,"[0.05132, 0.04291, 0.04289]",[],3301,200,8,6,32,4,20.2,cuda,cut,0.05,8,float32,0.23419693604385983,20
delay,s4400,3,qw,relu,2.0,4400,0.17532468343790356,0.24638340968407324,0.16811663168465285,0.17430391645131307,False,False,True,"[0.04567, 0.04203, 0.04199]","[1.8421, 1.6314, 1.6316, 1.632]",3301,200,8,6,32,4,127.9,cuda,cut,0.05,8,float32,0.23789579022809582,20
delay,s4400,4,gcn,relu,2.0,4400,0.16330858800759554,0.23636392568537637,0.17051758791228747,0.16174229330836554,False,True,True,"[0.05291, 0.04276, 0.04269]",[],3301,200,8,6,32,4,20.0,cuda,cut,0.05,8,float32,0.22861410547812203,20
delay,s4400,2,heat,softplus,2.0,4400,0.1689856667777481,0.23752705355345446,0.17053613784918775,0.1683406888620547,False,True,True,"[0.0513, 0.04291, 0.04289]","[2.8492, 2.8374, 2.8479, 2.8494]",3301,200,8,6,32,4,76.6,cuda,cut,0.05,8,float32,0.23419693604385983,20
delay,s4400,4,heat,relu,2.0,4400,0.16326186909454973,0.23536158139297284,0.17046903376206912,0.16174229330836554,False,True,True,"[0.05306, 0.04273, 0.04267]","[2.5783, 2.4763, 2.5199, 2.5199]",3301,200,8,6,32,4,66.9,cuda,cut,0.05,8,float32,0.22861410547812203,20
delay,s4400,2,qw,softplus,2.0,4400,0.16898315295524133,0.2374340295030101,0.1705341780493142,0.1683406888620547,False,True,True,"[0.0513, 0.0429, 0.04289]","[2.9253, 2.9161, 2.9189, 2.9193]",3301,200,8,6,32,4,154.4,cuda,cut,0.05,8,float32,0.23419693604385983,20
delay,s4400,3,gcn,softplus,2.0,4400,0.17549529160078345,0.24199656502547204,0.16665276708741494,0.17430391645131307,False,False,True,"[0.04569, 0.04195, 0.04146]",[],3301,200,8,6,32,4,20.1,cuda,cut,0.05,8,float32,0.23789579022809582,20
delay,s4400,4,qw,relu,2.0,4400,0.16330220813751858,0.23537494914971316,0.17049219945777705,0.16174229330836554,False,True,True,"[0.05319, 0.04274, 0.0427]","[2.6608, 2.6943, 2.7306, 2.7306]",3301,200,8,6,32,4,127.9,cuda,cut,0.05,8,float32,0.22861410547812203,20
delay,s4400,5,gcn,relu,2.0,4400,0.16847224229123006,0.23027148151139298,0.17494559131135412,0.16836669241524457,False,True,True,"[0.06172, 0.04506, 0.04493]",[],3301,200,8,6,32,4,20.1,cuda,cut,0.05,8,float32,0.23681671474095223,20
delay,s4400,3,heat,softplus,2.0,4400,0.17528344827635342,0.24597566960691544,0.1680027362727957,0.17430391645131307,False,False,True,"[0.04567, 0.04203, 0.04196]","[1.7117, 1.5424, 1.5382, 1.5389]",3301,200,8,6,32,4,75.4,cuda,cut,0.05,8,float32,0.23789579022809582,20
delay,s4400,5,heat,relu,2.0,4400,0.16881473160399985,0.2321879643281438,0.17520149117162376,0.16836669241524457,False,True,True,"[0.06139, 0.04508, 0.04506]","[2.8304, 2.8318, 2.8194, 2.7823]",3301,200,8,6,32,4,66.7,cuda,cut,0.05,8,float32,0.23681671474095223,20
delay,s4400,5,qw,relu,2.0,4400,0.1688099457021048,0.23209518037846763,0.17519835485903473,0.16836669241524457,False,True,True,"[0.06138, 0.04507, 0.04506]","[2.7797, 2.7795, 2.8126, 2.7662]",3301,200,8,6,32,4,128.1,cuda,cut,0.05,8,float32,0.23681671474095223,20
delay,s4400,3,qw,softplus,2.0,4400,0.1753258692982755,0.2464030704822332,0.16811685294911677,0.17430391645131307,False,False,True,"[0.04567, 0.04203, 0.04199]","[1.8547, 1.6937, 1.694, 1.6945]",3301,200,8,6,32,4,158.2,cuda,cut,0.05,8,float32,0.23789579022809582,20
delay,s4400,6,gcn,relu,2.0,4400,0.16669792434890318,0.23379576353285123,0.17074167687379732,0.16633368789766928,False,True,True,"[0.05365, 0.04297, 0.04293]",[],3301,200,8,6,32,4,20.6,cuda,cut,0.05,8,float32,0.23717979226236227,20
delay,s4400,4,gcn,softplus,2.0,4400,0.16330858800759554,0.23636392568537637,0.17051758791228747,0.16174229330836554,False,True,True,"[0.05291, 0.04276, 0.04269]",[],3301,200,8,6,32,4,20.6,cuda,cut,0.05,8,float32,0.22861410547812203,20
delay,s4400,6,heat,relu,2.0,4400,0.1709265013158879,0.18304941817379525,0.17370204616356533,0.16633368789766928,False,True,True,"[0.05392, 0.04293, 0.04222]","[3.3814, 1.9565, 1.3136, 0.5071]",3301,200,8,6,32,4,67.0,cuda,cut,0.05,8,float32,0.23717979226236227,20
delay,s4400,4,heat,softplus,2.0,4400,0.16326148938135399,0.23536152971456792,0.17046884311610483,0.16174229330836554,False,True,True,"[0.05306, 0.04273, 0.04267]","[2.552, 2.4295, 2.4697, 2.4697]",3301,200,8,6,32,4,75.4,cuda,cut,0.05,8,float32,0.22861410547812203,20
delay,s4400,6,qw,relu,2.0,4400,0.16592776114020538,0.212794132609855,0.1695273806647641,0.16633368789766928,True,True,True,"[0.05387, 0.04294, 0.04279]","[1.8914, 0.6647, 0.6523, 0.6512]",3301,200,8,6,32,4,128.2,cuda,cut,0.05,8,float32,0.23717979226236227,20
delay,s4400,7,gcn,relu,2.0,4400,0.16997095070214885,0.24692584811492366,0.17020126375172617,0.16669415874124474,False,True,True,"[0.05041, 0.04314, 0.04306]",[],3301,200,8,6,32,4,20.0,cuda,cut,0.05,8,float32,0.23005666591821175,20
delay,s4400,4,qw,softplus,2.0,4400,0.16330066010781039,0.23537879053316746,0.17049092683341852,0.16174229330836554,False,True,True,"[0.05319, 0.04274, 0.04269]","[2.6017, 2.6318, 2.6656, 2.6653]",3301,200,8,6,32,4,157.8,cuda,cut,0.05,8,float32,0.22861410547812203,20
delay,s4400,5,gcn,softplus,2.0,4400,0.16847224229123006,0.23027148151139298,0.17494559131135412,0.16836669241524457,False,True,True,"[0.06172, 0.04506, 0.04493]",[],3301,200,8,6,32,4,20.1,cuda,cut,0.05,8,float32,0.23681671474095223,20
delay,s4400,7,heat,relu,2.0,4400,0.16946254017000847,0.24211402827054276,0.17051134804489926,0.16669415874124474,False,True,True,"[0.05028, 0.04312, 0.04307]","[2.5418, 2.5083, 2.4785, 2.4785]",3301,200,8,6,32,4,66.9,cuda,cut,0.05,8,float32,0.23005666591821175,20
delay,s4400,5,heat,softplus,2.0,4400,0.16881480188329465,0.23218970974089817,0.1752015314437052,0.16836669241524457,False,True,True,"[0.06139, 0.04508, 0.04506]","[2.7739, 2.7752, 2.7637, 2.7299]",3301,200,8,6,32,4,74.9,cuda,cut,0.05,8,float32,0.23681671474095223,20
delay,s4400,7,qw,relu,2.0,4400,0.16949679881785853,0.24216098646874118,0.17053813732455392,0.16669415874124474,False,True,True,"[0.05029, 0.04312, 0.04309]","[2.6489, 2.6489, 2.6478, 2.6479]",3301,200,8,6,32,4,128.1,cuda,cut,0.05,8,float32,0.23005666591821175,20
delay,s4400,8,gcn,relu,2.0,4400,0.16954878139604154,0.2048954494932531,0.1682585539056295,0.16910345720450015,False,True,True,"[0.06023, 0.04251, 0.04172]",[],3301,200,8,6,32,4,20.1,cuda,cut,0.05,8,float32,0.23972916273679998,20
delay,s4400,5,qw,softplus,2.0,4400,0.16880998355105423,0.23209852162429642,0.17519832339811148,0.16836669241524457,False,True,True,"[0.06138, 0.04507, 0.04506]","[2.7248, 2.726, 2.7557, 2.712]",3301,200,8,6,32,4,156.6,cuda,cut,0.05,8,float32,0.23681671474095223,20
delay,s4400,8,heat,relu,2.0,4400,0.17074184024803496,0.2238429190358698,0.17046134722389977,0.16910345720450015,False,True,True,"[0.06041, 0.04272, 0.04268]","[2.1453, 2.0642, 2.1145, 2.0878]",3301,200,8,6,32,4,67.0,cuda,cut,0.05,8,float32,0.23972916273679998,20
delay,s4400,6,gcn,softplus,2.0,4400,0.16669792434890318,0.23379576353285123,0.17074167687379732,0.16633368789766928,False,True,True,"[0.05365, 0.04297, 0.04293]",[],3301,200,8,6,32,4,20.5,cuda,cut,0.05,8,float32,0.23717979226236227,20
delay,s4400,6,heat,softplus,2.0,4400,0.16573491549921915,0.2331576947992227,0.16991874348644737,0.16633368789766928,True,True,True,"[0.05392, 0.04293, 0.04263]","[3.0709, 1.7031, 1.0978, 0.9787]",3301,200,8,6,32,4,75.4,cuda,cut,0.05,8,float32,0.23717979226236227,20
delay,s4400,8,qw,relu,2.0,4400,0.17074693373360347,0.22381669824211803,0.17047054385144622,0.16910345720450015,False,True,True,"[0.06042, 0.04272, 0.04269]","[2.133, 2.1638, 2.193, 2.1891]",3301,200,8,6,32,4,128.3,cuda,cut,0.05,8,float32,0.23972916273679998,20
delay,s4400,9,gcn,relu,2.0,4400,0.1667951495892361,0.2436848033452038,0.17178801555289697,0.1642397570173136,False,True,True,"[0.05174, 0.04363, 0.04363]",[],3301,200,8,6,32,4,20.1,cuda,cut,0.05,8,float32,0.2318317826512447,20
delay,s4400,9,heat,relu,2.0,4400,0.16681071332943362,0.24364812908297925,0.1717989435522891,0.1642397570173136,False,True,True,"[0.05182, 0.04364, 0.04363]","[2.7758, 2.7507, 2.7515, 2.7514]",3301,200,8,6,32,4,66.8,cuda,cut,0.05,8,float32,0.2318317826512447,20
delay,s4400,6,qw,softplus,2.0,4400,0.16856641523834584,0.20979876268956713,0.17181264519540657,0.16633368789766928,False,True,True,"[0.05387, 0.04293, 0.04284]","[1.8628, 0.9536, 0.9529, 0.9576]",3301,200,8,6,32,4,158.1,cuda,cut,0.05,8,float32,0.23717979226236227,20
delay,s4400,7,gcn,softplus,2.0,4400,0.16997095070214885,0.24692584811492366,0.17020126375172617,0.16669415874124474,False,True,True,"[0.05041, 0.04314, 0.04306]",[],3301,200,8,6,32,4,20.2,cuda,cut,0.05,8,float32,0.23005666591821175,20
delay,s4400,7,heat,softplus,2.0,4400,0.16946263962397068,0.24211862286579974,0.17051097220459432,0.16669415874124474,False,True,True,"[0.05028, 0.04312, 0.04307]","[2.4951, 2.4593, 2.4296, 2.4296]",3301,200,8,6,32,4,76.8,cuda,cut,0.05,8,float32,0.23005666591821175,20
delay,s4400,9,qw,relu,2.0,4400,0.1668104852784503,0.24361533470044897,0.171797662495228,0.1642397570173136,False,True,True,"[0.05182, 0.04364, 0.04363]","[2.839, 2.8359, 2.836, 2.8361]",3301,200,8,6,32,4,128.2,cuda,cut,0.05,8,float32,0.2318317826512447,20
hops,s3168,0,gcn,relu,2.0,3168,0.18158417215464193,0.2677565192226911,0.18897805480178295,0.18145969069973641,False,True,True,"[0.07396, 0.05021, 0.04995]",[],3301,200,8,6,32,4,12.6,cuda,cut,0.05,8,float32,0.2733522829962756,20
hops,s3168,0,heat,relu,2.0,3168,0.18215301327143954,0.27079492886283835,0.18940431288222437,0.18145969069973641,False,True,True,"[0.07388, 0.05028, 0.05019]","[2.777, 2.8047, 2.8035, 2.8035]",3301,200,8,6,32,4,28.0,cuda,cut,0.05,8,float32,0.2733522829962756,20
hops,s3168,0,qw,relu,2.0,3168,0.1821967446471028,0.27079741913946637,0.18944806581353674,0.18145969069973641,False,True,True,"[0.07388, 0.05027, 0.05021]","[2.8309, 2.9221, 2.9201, 2.9201]",3301,200,8,6,32,4,53.4,cuda,cut,0.05,8,float32,0.2733522829962756,20
hops,s3168,1,gcn,relu,2.0,3168,0.19232227461924464,0.2732906431723047,0.2051931601050786,0.19040591222322656,False,True,True,"[0.06836, 0.05705, 0.057]",[],3301,200,8,6,32,4,12.4,cuda,cut,0.05,8,float32,0.28291310491861643,20
hops,s3168,1,heat,relu,2.0,3168,0.19228817218140878,0.2723965260683425,0.20515532987734664,0.19040591222322656,False,True,True,"[0.0683, 0.05703, 0.05697]","[2.7368, 2.9019, 2.9001, 2.9272]",3301,200,8,6,32,4,28.1,cuda,cut,0.05,8,float32,0.28291310491861643,20
delay,s4400,7,qw,softplus,2.0,4400,0.16949518518804604,0.2421605362532856,0.1705368330555476,0.16669415874124474,False,True,True,"[0.05029, 0.04312, 0.04309]","[2.5863, 2.5859, 2.5858, 2.5851]",3301,200,8,6,32,4,157.8,cuda,cut,0.05,8,float32,0.23005666591821175,20
delay,s4400,8,gcn,softplus,2.0,4400,0.16954878139604154,0.2048954494932531,0.1682585539056295,0.16910345720450015,False,True,True,"[0.06023, 0.04251, 0.04172]",[],3301,200,8,6,32,4,20.2,cuda,cut,0.05,8,float32,0.23972916273679998,20
hops,s3168,1,qw,relu,2.0,3168,0.1923089119747222,0.272322972293529,0.20518155514729747,0.19040591222322656,False,True,True,"[0.06856, 0.05703, 0.05698]","[2.4372, 2.6878, 2.6882, 2.7174]",3301,200,8,6,32,4,53.4,cuda,cut,0.05,8,float32,0.28291310491861643,20
hops,s3168,2,gcn,relu,2.0,3168,0.1898678957623028,0.2797924351077777,0.19130022419237935,0.18885280880767394,False,True,True,"[0.05818, 0.05116, 0.05112]",[],3301,200,8,6,32,4,12.4,cuda,cut,0.05,8,float32,0.27335988091577906,20
hops,s3168,2,heat,relu,2.0,3168,0.18986939755758359,0.27937348422552144,0.19129757754177779,0.18885280880767394,False,True,True,"[0.05816, 0.05114, 0.05111]","[3.0312, 3.0152, 3.0139, 3.0153]",3301,200,8,6,32,4,28.0,cuda,cut,0.05,8,float32,0.27335988091577906,20
delay,s4400,8,heat,softplus,2.0,4400,0.170741692227576,0.22384305094755716,0.17046120078358482,0.16910345720450015,False,True,True,"[0.06041, 0.04272, 0.04268]","[2.1304, 2.0535, 2.0975, 2.0742]",3301,200,8,6,32,4,75.8,cuda,cut,0.05,8,float32,0.23972916273679998,20
hops,s3168,2,qw,relu,2.0,3168,0.18987534651536686,0.27931401703500963,0.19130277804115486,0.18885280880767394,False,True,True,"[0.05814, 0.05113, 0.05111]","[3.1044, 3.0969, 3.0973, 3.0972]",3301,200,8,6,32,4,53.4,cuda,cut,0.05,8,float32,0.27335988091577906,20
hops,s3168,3,gcn,relu,2.0,3168,0.20056330037911999,0.2835108727121514,0.18143872050286242,0.19969980827360634,False,False,True,"[0.05201, 0.04885, 0.04689]",[],3301,200,8,6,32,4,12.4,cuda,cut,0.05,8,float32,0.28059882068210995,20
hops,s3168,3,heat,relu,2.0,3168,0.19628910112881845,0.26571772435186913,0.17615558840146273,0.19969980827360634,True,False,True,"[0.052, 0.04907, 0.04721]","[3.7157, 1.4604, 0.521, 0.4883]",3301,200,8,6,32,4,28.1,cuda,cut,0.05,8,float32,0.28059882068210995,20
hops,s3168,3,qw,relu,2.0,3168,0.20298184934615074,0.3102027856672376,0.17863178676619862,0.19969980827360634,False,True,True,"[0.052, 0.04911, 0.04649]","[2.1651, 0.9304, 1.0151, 0.8248]",3301,200,8,6,32,4,53.4,cuda,cut,0.05,8,float32,0.28059882068210995,20
hops,s3168,4,gcn,relu,2.0,3168,0.18047469771433441,0.2718111222839093,0.18385717005870478,0.1793584594746459,False,True,True,"[0.05685, 0.04823, 0.04806]",[],3301,200,8,6,32,4,12.4,cuda,cut,0.05,8,float32,0.26918628746396744,20
delay,s4400,8,qw,softplus,2.0,4400,0.17074644196593328,0.22381736220717108,0.17046996290427738,0.16910345720450015,False,True,True,"[0.06042, 0.04272, 0.04269]","[2.1098, 2.1369, 2.1621, 2.1587]",3301,200,8,6,32,4,157.6,cuda,cut,0.05,8,float32,0.23972916273679998,20
hops,s3168,4,heat,relu,2.0,3168,0.1805382208235841,0.2717158656975418,0.1839075184542147,0.1793584594746459,False,True,True,"[0.05702, 0.0482, 0.04808]","[2.9336, 2.6146, 2.6447, 2.6447]",3301,200,8,6,32,4,28.2,cuda,cut,0.05,8,float32,0.26918628746396744,20
delay,s4400,9,gcn,softplus,2.0,4400,0.1667951495892361,0.2436848033452038,0.17178801555289697,0.1642397570173136,False,True,True,"[0.05174, 0.04363, 0.04363]",[],3301,200,8,6,32,4,20.3,cuda,cut,0.05,8,float32,0.2318317826512447,20
hops,s3168,4,qw,relu,2.0,3168,0.180631921324222,0.27195914505223834,0.18398220320229272,0.1793584594746459,False,True,True,"[0.05697, 0.0482, 0.04812]","[2.936, 2.8538, 2.8764, 2.8764]",3301,200,8,6,32,4,53.5,cuda,cut,0.05,8,float32,0.26918628746396744,20
hops,s3168,5,gcn,relu,2.0,3168,0.18447902816007156,0.2691231534053129,0.19727198571960955,0.18268675369910994,False,True,True,"[0.06789, 0.05373, 0.05363]",[],3301,200,8,6,32,4,12.4,cuda,cut,0.05,8,float32,0.2718316066357322,20
delay,s4400,9,heat,softplus,2.0,4400,0.16681079038085458,0.24364948898530756,0.1717989562360559,0.1642397570173136,False,True,True,"[0.05183, 0.04364, 0.04363]","[2.7227, 2.6961, 2.6956, 2.6955]",3301,200,8,6,32,4,76.3,cuda,cut,0.05,8,float32,0.2318317826512447,20
hops,s3168,5,heat,relu,2.0,3168,0.18469887309241648,0.26959639445031375,0.19742370356797978,0.18268675369910994,False,True,True,"[0.06759, 0.05374, 0.05371]","[3.0313, 3.0323, 3.014, 2.9776]",3301,200,8,6,32,4,28.3,cuda,cut,0.05,8,float32,0.2718316066357322,20
hops,s3168,5,qw,relu,2.0,3168,0.18470338929508445,0.2695266040787481,0.19742914968722317,0.18268675369910994,False,True,True,"[0.06759, 0.05373, 0.05371]","[3.0338, 3.0347, 3.0593, 3.0206]",3301,200,8,6,32,4,53.6,cuda,cut,0.05,8,float32,0.2718316066357322,20
hops,s3168,6,gcn,relu,2.0,3168,0.18256500735232192,0.27030457550908576,0.18676749511822974,0.18185050115408688,False,True,True,"[0.05852, 0.04925, 0.04916]",[],3301,200,8,6,32,4,12.4,cuda,cut,0.05,8,float32,0.2743894027213865,20
hops,s3168,6,heat,relu,2.0,3168,0.16574103468366638,0.20818188026969045,0.16957956157781118,0.18185050115408688,True,True,True,"[0.05853, 0.04896, 0.0449]","[3.4582, 2.6719, 1.3028, 1.2776]",3301,200,8,6,32,4,28.0,cuda,cut,0.05,8,float32,0.2743894027213865,20
hops,s3168,6,qw,relu,2.0,3168,0.1663909151078898,0.23054831456093025,0.17119501007343363,0.18185050115408688,True,True,True,"[0.05854, 0.04911, 0.04614]","[2.3697, 1.7, 0.6462, 0.6276]",3301,200,8,6,32,4,53.4,cuda,cut,0.05,8,float32,0.2743894027213865,20
delay,s4400,9,qw,softplus,2.0,4400,0.16681043226982706,0.2436165468134696,0.17179764462399444,0.1642397570173136,False,True,True,"[0.05182, 0.04364, 0.04363]","[2.7791, 2.7768, 2.7788, 2.7768]",3301,200,8,6,32,4,160.5,cuda,cut,0.05,8,float32,0.2318317826512447,20
hops,s3168,7,gcn,relu,2.0,3168,0.18365760947588827,0.25082059791326755,0.18812320898613313,0.18507136827534076,True,True,True,"[0.05623, 0.05009, 0.04943]",[],3301,200,8,6,32,4,12.6,cuda,cut,0.05,8,float32,0.26741651358657087,20
hops,s3168,0,gcn,softplus,2.0,3168,0.18158417215464193,0.2677565192226911,0.18897805480178295,0.18145969069973641,False,True,True,"[0.07396, 0.05021, 0.04995]",[],3301,200,8,6,32,4,12.6,cuda,cut,0.05,8,float32,0.2733522829962756,20
hops,s3168,7,heat,relu,2.0,3168,0.1862637313704186,0.2794395682062898,0.18844843110363024,0.18507136827534076,False,True,True,"[0.05609, 0.05005, 0.04993]","[2.414, 2.3606, 2.3614, 2.3571]",3301,200,8,6,32,4,28.1,cuda,cut,0.05,8,float32,0.26741651358657087,20
hops,s3168,0,heat,softplus,2.0,3168,0.18215193442987776,0.2707967628410801,0.18940338428423864,0.18145969069973641,False,True,True,"[0.07388, 0.05028, 0.05019]","[2.719, 2.7455, 2.7443, 2.7443]",3301,200,8,6,32,4,30.9,cuda,cut,0.05,8,float32,0.2733522829962756,20
hops,s3168,7,qw,relu,2.0,3168,0.1866260561684906,0.2803027528068822,0.188761465020232,0.18507136827534076,False,True,True,"[0.05617, 0.05005, 0.05002]","[2.892, 2.8919, 2.8921, 2.8921]",3301,200,8,6,32,4,53.5,cuda,cut,0.05,8,float32,0.26741651358657087,20
hops,s3168,8,gcn,relu,2.0,3168,0.19018063425915066,0.25237229442228143,0.19028434113848064,0.1912017751366342,True,True,True,"[0.06675, 0.0517, 0.05018]",[],3301,200,8,6,32,4,12.5,cuda,cut,0.05,8,float32,0.2826095126381792,20
hops,s3168,0,qw,softplus,2.0,3168,0.18219492737649115,0.270798111029824,0.1894461153771239,0.18145969069973641,False,True,True,"[0.07388, 0.05027, 0.05021]","[2.7687, 2.8583, 2.8566, 2.8571]",3301,200,8,6,32,4,62.3,cuda,cut,0.05,8,float32,0.2733522829962756,20
hops,s3168,1,gcn,softplus,2.0,3168,0.19232227461924464,0.2732906431723047,0.2051931601050786,0.19040591222322656,False,True,True,"[0.06836, 0.05705, 0.057]",[],3301,200,8,6,32,4,12.5,cuda,cut,0.05,8,float32,0.28291310491861643,20
hops,s3168,8,heat,relu,2.0,3168,0.19301194779089612,0.27624515698037694,0.1937132599418736,0.1912017751366342,False,True,True,"[0.0669, 0.05205, 0.05199]","[2.6973, 2.5533, 2.5926, 2.5696]",3301,200,8,6,32,4,28.2,cuda,cut,0.05,8,float32,0.2826095126381792,20
hops,s3168,1,heat,softplus,2.0,3168,0.19228666542064218,0.2724088536813472,0.20515516693117344,0.19040591222322656,False,True,True,"[0.0683, 0.05703, 0.05697]","[2.6959, 2.8485, 2.8463, 2.8712]",3301,200,8,6,32,4,31.1,cuda,cut,0.05,8,float32,0.28291310491861643,20
hops,s3168,8,qw,relu,2.0,3168,0.19303365005435022,0.2762969960654094,0.19374074142604403,0.1912017751366342,False,True,True,"[0.06691, 0.05205, 0.05201]","[2.6746, 2.6938, 2.7037, 2.702]",3301,200,8,6,32,4,53.5,cuda,cut,0.05,8,float32,0.2826095126381792,20
hops,s3168,9,gcn,relu,2.0,3168,0.1779485178180137,0.27048911638871886,0.19006235136417082,0.17697521552400586,False,True,True,"[0.05766, 0.05061, 0.05057]",[],3301,200,8,6,32,4,12.5,cuda,cut,0.05,8,float32,0.26738294438242854,20
hops,s3168,1,qw,softplus,2.0,3168,0.1923088825110625,0.27232413552163187,0.20518109276327787,0.19040591222322656,False,True,True,"[0.06856, 0.05703, 0.05698]","[2.4342, 2.6498, 2.6497, 2.6768]",3301,200,8,6,32,4,62.0,cuda,cut,0.05,8,float32,0.28291310491861643,20
hops,s3168,9,heat,relu,2.0,3168,0.1780441504319983,0.2708919972010618,0.1901239385019054,0.17697521552400586,False,True,True,"[0.05773, 0.05061, 0.05059]","[2.5596, 2.535, 2.5331, 2.5417]",3301,200,8,6,32,4,28.1,cuda,cut,0.05,8,float32,0.26738294438242854,20
hops,s3168,2,gcn,softplus,2.0,3168,0.1898678957623028,0.2797924351077777,0.19130022419237935,0.18885280880767394,False,True,True,"[0.05818, 0.05116, 0.05112]",[],3301,200,8,6,32,4,12.5,cuda,cut,0.05,8,float32,0.27335988091577906,20
hops,s3168,2,heat,softplus,2.0,3168,0.1898692451405295,0.2793741583779771,0.19129744753290928,0.18885280880767394,False,True,True,"[0.05816, 0.05114, 0.05111]","[2.9744, 2.9586, 2.9573, 2.9586]",3301,200,8,6,32,4,31.3,cuda,cut,0.05,8,float32,0.27335988091577906,20
hops,s3168,9,qw,relu,2.0,3168,0.17810530908413033,0.2710009544830642,0.1901649138824062,0.17697521552400586,False,True,True,"[0.05772, 0.05062, 0.0506]","[2.8543, 2.8451, 2.8446, 2.8451]",3301,200,8,6,32,4,53.6,cuda,cut,0.05,8,float32,0.26738294438242854,20
delay,s3168,0,gcn,relu,2.0,3168,0.16756312335181475,0.24229025768038978,0.17093497415091885,0.1670811829159232,False,True,True,"[0.07001, 0.04322, 0.04313]",[],3301,200,8,6,32,4,13.6,cuda,cut,0.05,8,float32,0.2429690204103665,20
hops,s3168,2,qw,softplus,2.0,3168,0.1898750973097519,0.27931471313270556,0.19130263297943248,0.18885280880767394,False,True,True,"[0.05814, 0.05113, 0.05111]","[3.045, 3.0383, 3.0386, 3.0385]",3301,200,8,6,32,4,62.0,cuda,cut,0.05,8,float32,0.27335988091577906,20
delay,s3168,0,heat,relu,2.0,3168,0.16752824336781302,0.241181133118503,0.17089899468691777,0.1670811829159232,False,True,True,"[0.06996, 0.04319, 0.04312]","[2.5903, 2.6679, 2.6674, 2.6674]",3301,200,8,6,32,4,29.5,cuda,cut,0.05,8,float32,0.2429690204103665,20
hops,s3168,3,gcn,softplus,2.0,3168,0.20056330037911999,0.2835108727121514,0.18143872050286242,0.19969980827360634,False,False,True,"[0.05201, 0.04885, 0.04689]",[],3301,200,8,6,32,4,12.6,cuda,cut,0.05,8,float32,0.28059882068210995,20
hops,s3168,3,heat,softplus,2.0,3168,0.1918752584042951,0.2496540061615853,0.1694382408620893,0.19969980827360634,True,True,True,"[0.052, 0.04897, 0.04492]","[3.6586, 2.1855, 1.6416, 1.3374]",3301,200,8,6,32,4,31.1,cuda,cut,0.05,8,float32,0.28059882068210995,20
delay,s3168,0,qw,relu,2.0,3168,0.16754048184013684,0.24106822347550003,0.1709106361461939,0.1670811829159232,False,True,True,"[0.06996, 0.04319, 0.04313]","[2.627, 2.744, 2.7423, 2.7422]",3301,200,8,6,32,4,54.7,cuda,cut,0.05,8,float32,0.2429690204103665,20
delay,s3168,1,gcn,relu,2.0,3168,0.16939483004164926,0.24547632707615608,0.1764707042503237,0.16971510523350664,True,True,True,"[0.05896, 0.04591, 0.04561]",[],3301,200,8,6,32,4,13.6,cuda,cut,0.05,8,float32,0.24401424813285896,20
delay,s3168,1,heat,relu,2.0,3168,0.1698848934260002,0.2448272798647445,0.17695943476468934,0.16971510523350664,False,True,True,"[0.05894, 0.04601, 0.04595]","[2.4204, 2.3836, 2.3754, 2.411]",3301,200,8,6,32,4,29.2,cuda,cut,0.05,8,float32,0.24401424813285896,20
hops,s3168,3,qw,softplus,2.0,3168,0.19876617950284206,0.2308935396151471,0.18302130264893288,0.19969980827360634,True,False,True,"[0.052, 0.04912, 0.04772]","[1.9952, 0.9487, 0.7589, 0.7515]",3301,200,8,6,32,4,61.4,cuda,cut,0.05,8,float32,0.28059882068210995,20
hops,s3168,4,gcn,softplus,2.0,3168,0.18047469771433441,0.2718111222839093,0.18385717005870478,0.1793584594746459,False,True,True,"[0.05685, 0.04823, 0.04806]",[],3301,200,8,6,32,4,12.5,cuda,cut,0.05,8,float32,0.26918628746396744,20
hops,s3168,4,heat,softplus,2.0,3168,0.18053636078268873,0.271714310392069,0.1839058419783315,0.1793584594746459,False,True,True,"[0.05702, 0.0482, 0.04808]","[2.8947, 2.5602, 2.5881, 2.588]",3301,200,8,6,32,4,30.9,cuda,cut,0.05,8,float32,0.26918628746396744,20
delay,s3168,1,qw,relu,2.0,3168,0.16990690100647043,0.2447724619376749,0.17698062290946837,0.16971510523350664,False,True,True,"[0.0592, 0.04602, 0.04597]","[2.0784, 2.0345, 2.0343, 2.0683]",3301,200,8,6,32,4,54.7,cuda,cut,0.05,8,float32,0.24401424813285896,20
delay,s3168,2,gcn,relu,2.0,3168,0.16871607751877168,0.2419338652280523,0.17143137309022044,0.16746935214195088,False,True,True,"[0.05165, 0.04321, 0.04317]",[],3301,200,8,6,32,4,13.6,cuda,cut,0.05,8,float32,0.23893269339868084,20
delay,s3168,2,heat,relu,2.0,3168,0.16870326336053035,0.24128867429434586,0.17141321633339476,0.16746935214195088,False,True,True,"[0.05168, 0.04319, 0.04317]","[2.9797, 2.968, 2.9778, 2.979]",3301,200,8,6,32,4,29.3,cuda,cut,0.05,8,float32,0.23893269339868084,20
hops,s3168,4,qw,softplus,2.0,3168,0.1806263611559844,0.27193860402959275,0.18397788113883268,0.1793584594746459,False,True,True,"[0.05697, 0.04821, 0.04811]","[2.8895, 2.7843, 2.8055, 2.8054]",3301,200,8,6,32,4,62.1,cuda,cut,0.05,8,float32,0.26918628746396744,20
hops,s3168,5,gcn,softplus,2.0,3168,0.18447902816007156,0.2691231534053129,0.19727198571960955,0.18268675369910994,False,True,True,"[0.06789, 0.05373, 0.05363]",[],3301,200,8,6,32,4,12.4,cuda,cut,0.05,8,float32,0.2718316066357322,20
delay,s3168,2,qw,relu,2.0,3168,0.16869893174631026,0.24117301056327659,0.17141143010373314,0.16746935214195088,False,True,True,"[0.05167, 0.04319, 0.04317]","[3.04, 3.0312, 3.0376, 3.0377]",3301,200,8,6,32,4,54.6,cuda,cut,0.05,8,float32,0.23893269339868084,20
hops,s3168,5,heat,softplus,2.0,3168,0.18469866532281665,0.26959742738350617,0.19742356041476317,0.18268675369910994,False,True,True,"[0.06759, 0.05374, 0.05371]","[2.9731, 2.9741, 2.9567, 2.9232]",3301,200,8,6,32,4,31.4,cuda,cut,0.05,8,float32,0.2718316066357322,20
delay,s3168,3,gcn,relu,2.0,3168,0.17569685658532697,0.2403293458960676,0.16615393730318478,0.17456477681518434,False,True,True,"[0.04591, 0.04206, 0.04127]",[],3301,200,8,6,32,4,13.7,cuda,cut,0.05,8,float32,0.24098371088361037,20
delay,s3168,3,heat,relu,2.0,3168,0.1687475937710756,0.20005339156233984,0.1606937780933081,0.17456477681518434,True,True,True,"[0.04588, 0.04206, 0.03996]","[3.7684, 1.4496, 1.2142, 1.0575]",3301,200,8,6,32,4,29.3,cuda,cut,0.05,8,float32,0.24098371088361037,20
hops,s3168,5,qw,softplus,2.0,3168,0.1847034217032286,0.26952930411295783,0.19742902687141045,0.18268675369910994,False,True,True,"[0.06759, 0.05373, 0.05371]","[2.9776, 2.9783, 3.0016, 2.9651]",3301,200,8,6,32,4,61.8,cuda,cut,0.05,8,float32,0.2718316066357322,20
hops,s3168,6,gcn,softplus,2.0,3168,0.18256500735232192,0.27030457550908576,0.18676749511822974,0.18185050115408688,False,True,True,"[0.05852, 0.04925, 0.04916]",[],3301,200,8,6,32,4,12.4,cuda,cut,0.05,8,float32,0.2743894027213865,20
delay,s3168,3,qw,relu,2.0,3168,0.17562704513274544,0.2523620807983083,0.1687342624035676,0.17456477681518434,False,False,True,"[0.04589, 0.04223, 0.04216]","[1.8176, 1.6297, 1.6307, 1.6309]",3301,200,8,6,32,4,54.6,cuda,cut,0.05,8,float32,0.24098371088361037,20
hops,s3168,6,heat,softplus,2.0,3168,0.16320299176065725,0.24917317055507837,0.1697997654534787,0.18185050115408688,True,True,True,"[0.05853, 0.04896, 0.04494]","[3.3656, 2.5869, 1.2951, 1.2699]",3301,200,8,6,32,4,31.8,cuda,cut,0.05,8,float32,0.2743894027213865,20
delay,s3168,4,gcn,relu,2.0,3168,0.16787513954916136,0.24116615484468884,0.1678912231125816,0.1676993677753215,False,True,True,"[0.05224, 0.04167, 0.04156]",[],3301,200,8,6,32,4,13.7,cuda,cut,0.05,8,float32,0.24142058346651765,20
delay,s3168,4,heat,relu,2.0,3168,0.16784494121085466,0.24033488217927704,0.1678540546212885,0.1676993677753215,False,True,True,"[0.05238, 0.04163, 0.04154]","[2.7143, 2.5857, 2.6194, 2.6194]",3301,200,8,6,32,4,29.2,cuda,cut,0.05,8,float32,0.24142058346651765,20
hops,s3168,6,qw,softplus,2.0,3168,0.16439983951573037,0.22675530013844705,0.16927571527070762,0.18185050115408688,True,True,True,"[0.05854, 0.0491, 0.04587]","[2.3125, 1.6501, 0.906, 0.8958]",3301,200,8,6,32,4,62.6,cuda,cut,0.05,8,float32,0.2743894027213865,20
hops,s3168,7,gcn,softplus,2.0,3168,0.18365760947588827,0.25082059791326755,0.18812320898613313,0.18507136827534076,True,True,True,"[0.05623, 0.05009, 0.04943]",[],3301,200,8,6,32,4,12.4,cuda,cut,0.05,8,float32,0.26741651358657087,20
delay,s3168,4,qw,relu,2.0,3168,0.16791065839379524,0.2404111482019372,0.16791008127760082,0.1676993677753215,False,True,True,"[0.05251, 0.04164, 0.04158]","[2.8357, 2.8307, 2.8592, 2.8591]",3301,200,8,6,32,4,54.6,cuda,cut,0.05,8,float32,0.24142058346651765,20
delay,s3168,5,gcn,relu,2.0,3168,0.17015322312882786,0.23432070508389535,0.17248103618163957,0.1695395661645368,False,True,True,"[0.06089, 0.04405, 0.04383]",[],3301,200,8,6,32,4,13.6,cuda,cut,0.05,8,float32,0.24596915360898364,20
hops,s3168,7,heat,softplus,2.0,3168,0.18625664252397622,0.2793358015172072,0.18845288153438516,0.18507136827534076,False,True,True,"[0.05609, 0.05005, 0.04993]","[2.3709, 2.3182, 2.3183, 2.3143]",3301,200,8,6,32,4,31.4,cuda,cut,0.05,8,float32,0.26741651358657087,20
delay,s3168,5,heat,relu,2.0,3168,0.1707522344372944,0.23686215124228305,0.17294345488713736,0.1695395661645368,False,True,True,"[0.06057, 0.04408, 0.04406]","[2.9242, 2.925, 2.9095, 2.8692]",3301,200,8,6,32,4,29.3,cuda,cut,0.05,8,float32,0.24596915360898364,20
hops,s3168,7,qw,softplus,2.0,3168,0.1866242366072017,0.2803001699512331,0.18876010532102272,0.18507136827534076,False,True,True,"[0.05617, 0.05006, 0.05002]","[2.8284, 2.8284, 2.8286, 2.8285]",3301,200,8,6,32,4,60.9,cuda,cut,0.05,8,float32,0.26741651358657087,20
hops,s3168,8,gcn,softplus,2.0,3168,0.19018063425915066,0.25237229442228143,0.19028434113848064,0.1912017751366342,True,True,True,"[0.06675, 0.0517, 0.05018]",[],3301,200,8,6,32,4,12.6,cuda,cut,0.05,8,float32,0.2826095126381792,20
delay,s3168,5,qw,relu,2.0,3168,0.17074222115486992,0.23674581448051538,0.1729391666958323,0.1695395661645368,False,True,True,"[0.06055, 0.04407, 0.04406]","[2.8707, 2.8714, 2.9026, 2.8567]",3301,200,8,6,32,4,54.6,cuda,cut,0.05,8,float32,0.24596915360898364,20
delay,s3168,6,gcn,relu,2.0,3168,0.16752878913611977,0.2364819820704311,0.16966131231898968,0.16648470040141083,False,True,True,"[0.0536, 0.04259, 0.04252]",[],3301,200,8,6,32,4,13.6,cuda,cut,0.05,8,float32,0.24211817317078285,20
hops,s3168,8,heat,softplus,2.0,3168,0.19301165233272902,0.2762440673177411,0.19371288161324407,0.1912017751366342,False,True,True,"[0.0669, 0.05205, 0.05199]","[2.6567, 2.5014, 2.5378, 2.5168]",3301,200,8,6,32,4,31.6,cuda,cut,0.05,8,float32,0.2826095126381792,20
delay,s3168,6,heat,relu,2.0,3168,0.16620520184362175,0.23154453578806453,0.16834314267650527,0.16648470040141083,True,True,True,"[0.05396, 0.04255, 0.04231]","[2.5206, 0.8875, 0.8867, 0.8851]",3301,200,8,6,32,4,29.2,cuda,cut,0.05,8,float32,0.24211817317078285,20
hops,s3168,8,qw,softplus,2.0,3168,0.1930322232854126,0.2762999797088716,0.19373938911391606,0.1912017751366342,False,True,True,"[0.06691, 0.05205, 0.05201]","[2.5915, 2.6329, 2.6424, 2.6407]",3301,200,8,6,32,4,61.8,cuda,cut,0.05,8,float32,0.2826095126381792,20
delay,s3168,6,qw,relu,2.0,3168,0.16276225076066422,0.22278968488834297,0.16507078501396763,0.16648470040141083,True,True,True,"[0.05384, 0.04254, 0.04193]","[1.8955, 0.7233, 0.7193, 0.6872]",3301,200,8,6,32,4,54.5,cuda,cut,0.05,8,float32,0.24211817317078285,20
hops,s3168,9,gcn,softplus,2.0,3168,0.1779485178180137,0.27048911638871886,0.19006235136417082,0.17697521552400586,False,True,True,"[0.05766, 0.05061, 0.05057]",[],3301,200,8,6,32,4,13.4,cuda,cut,0.05,8,float32,0.26738294438242854,20
delay,s3168,7,gcn,relu,2.0,3168,0.16843461406153393,0.2406348986020759,0.1696966327184819,0.16903304502276642,True,True,True,"[0.05063, 0.04334, 0.04307]",[],3301,200,8,6,32,4,13.7,cuda,cut,0.05,8,float32,0.23704395278505386,20
hops,s3168,9,heat,softplus,2.0,3168,0.17805601090965173,0.27091732427177573,0.1901309674838264,0.17697521552400586,False,True,True,"[0.05773, 0.05061, 0.05059]","[2.5565, 2.5352, 2.5345, 2.5339]",3301,200,8,6,32,4,30.7,cuda,cut,0.05,8,float32,0.26738294438242854,20
delay,s3168,7,heat,relu,2.0,3168,0.17053414462124442,0.2519607596353116,0.17121029152721431,0.16903304502276642,False,True,True,"[0.05044, 0.04331, 0.04324]","[2.492, 2.469, 2.4419, 2.4404]",3301,200,8,6,32,4,29.3,cuda,cut,0.05,8,float32,0.23704395278505386,20
delay,s3168,7,qw,relu,2.0,3168,0.17063481770195177,0.2521796527936617,0.1712953107209357,0.16903304502276642,False,True,True,"[0.05049, 0.04331, 0.04327]","[2.6897, 2.6897, 2.6873, 2.6872]",3301,200,8,6,32,4,54.6,cuda,cut,0.05,8,float32,0.23704395278505386,20
hops,s3168,9,qw,softplus,2.0,3168,0.1781044613234546,0.27100131163725094,0.1901642720906165,0.17697521552400586,False,True,True,"[0.05772, 0.05062, 0.0506]","[2.7917, 2.7846, 2.7848, 2.7842]",3301,200,8,6,32,4,61.7,cuda,cut,0.05,8,float32,0.26738294438242854,20
delay,s3168,8,gcn,relu,2.0,3168,0.17115567561275458,0.22094434568862345,0.1702040161409711,0.17193813426688595,True,True,True,"[0.06078, 0.04396, 0.04297]",[],3301,200,8,6,32,4,13.9,cuda,cut,0.05,8,float32,0.2465726510254902,20
delay,s3168,0,gcn,softplus,2.0,3168,0.16756312335181475,0.24229025768038978,0.17093497415091885,0.1670811829159232,False,True,True,"[0.07001, 0.04322, 0.04313]",[],3301,200,8,6,32,4,14.7,cuda,cut,0.05,8,float32,0.2429690204103665,20
delay,s3168,8,heat,relu,2.0,3168,0.1729981017065578,0.24381710455433947,0.17263195340987147,0.17193813426688595,False,True,True,"[0.0609, 0.04409, 0.04403]","[2.2978, 2.183, 2.2363, 2.2098]",3301,200,8,6,32,4,29.5,cuda,cut,0.05,8,float32,0.2465726510254902,20
delay,s3168,0,heat,softplus,2.0,3168,0.1675279924939704,0.2411830933578846,0.1708987776417214,0.1670811829159232,False,True,True,"[0.06996, 0.04319, 0.04312]","[2.5381, 2.6115, 2.6111, 2.611]",3301,200,8,6,32,4,31.8,cuda,cut,0.05,8,float32,0.2429690204103665,20
delay,s3168,8,qw,relu,2.0,3168,0.17301414628571563,0.24381688133318746,0.17264925074175494,0.17193813426688595,False,True,True,"[0.06092, 0.04409, 0.04405]","[2.2643, 2.3021, 2.3112, 2.308]",3301,200,8,6,32,4,54.7,cuda,cut,0.05,8,float32,0.2465726510254902,20
delay,s3168,0,qw,softplus,2.0,3168,0.16753920978520212,0.24107269679723609,0.17090935375028604,0.1670811829159232,False,True,True,"[0.06997, 0.04319, 0.04313]","[2.5705, 2.6828, 2.6818, 2.6817]",3301,200,8,6,32,4,62.3,cuda,cut,0.05,8,float32,0.2429690204103665,20
delay,s3168,9,gcn,relu,2.0,3168,0.16828197635107978,0.2438239677140046,0.17170726751790039,0.1672302332407578,False,True,True,"[0.05209, 0.04348, 0.04347]",[],3301,200,8,6,32,4,13.6,cuda,cut,0.05,8,float32,0.2407107049752398,20
delay,s3168,1,gcn,softplus,2.0,3168,0.16939483004164926,0.24547632707615608,0.1764707042503237,0.16971510523350664,True,True,True,"[0.05896, 0.04591, 0.04561]",[],3301,200,8,6,32,4,14.6,cuda,cut,0.05,8,float32,0.24401424813285896,20
delay,s3168,9,heat,relu,2.0,3168,0.16831443034795857,0.24390020429928658,0.1717335987246182,0.1672302332407578,False,True,True,"[0.05219, 0.04348, 0.04347]","[2.6944, 2.6793, 2.6787, 2.6817]",3301,200,8,6,32,4,29.2,cuda,cut,0.05,8,float32,0.2407107049752398,20
delay,s3168,1,heat,softplus,2.0,3168,0.16988495883494825,0.244829867509592,0.17695953761468639,0.16971510523350664,False,True,True,"[0.05894, 0.04601, 0.04595]","[2.3933, 2.3516, 2.3435, 2.3755]",3301,200,8,6,32,4,32.0,cuda,cut,0.05,8,float32,0.24401424813285896,20
delay,s3168,9,qw,relu,2.0,3168,0.16832580670877242,0.24389793771460555,0.17174244878083528,0.1672302332407578,False,True,True,"[0.0522, 0.04349, 0.04348]","[2.9121, 2.9116, 2.9115, 2.9118]",3301,200,8,6,32,4,54.5,cuda,cut,0.05,8,float32,0.2407107049752398,20
hops,s1584,0,gcn,relu,2.0,1584,0.20280715842968045,0.2856136456083072,0.2125882692602722,0.20284212697399248,True,True,True,"[0.08443, 0.06119, 0.06078]",[],3301,200,8,6,32,4,7.4,cuda,cut,0.05,8,float32,0.29289856883747234,20
hops,s1584,0,heat,relu,2.0,1584,0.2036070989429957,0.28901157228005037,0.21313694059393706,0.20284212697399248,False,True,True,"[0.08434, 0.06131, 0.06115]","[2.0049, 2.1368, 2.1392, 2.139]",3301,200,8,6,32,4,9.9,cuda,cut,0.05,8,float32,0.29289856883747234,20
delay,s3168,1,qw,softplus,2.0,3168,0.16990585126481936,0.24476947707749588,0.17697994740427186,0.16971510523350664,False,True,True,"[0.0592, 0.04602, 0.04597]","[2.0781, 2.0435, 2.0434, 2.0725]",3301,200,8,6,32,4,62.3,cuda,cut,0.05,8,float32,0.24401424813285896,20
hops,s1584,0,qw,relu,2.0,1584,0.20371467675676613,0.2891657454872629,0.21324040788382226,0.20284212697399248,False,True,True,"[0.08436, 0.06131, 0.06121]","[2.5986, 2.6661, 2.6651, 2.6652]",3301,200,8,6,32,4,10.5,cuda,cut,0.05,8,float32,0.29289856883747234,20
hops,s1584,1,gcn,relu,2.0,1584,0.21526970938733947,0.2836764512148115,0.22838962335119523,0.21422125618812327,False,True,True,"[0.08064, 0.06922, 0.06859]",[],3301,200,8,6,32,4,7.7,cuda,cut,0.05,8,float32,0.30389307316246,20
delay,s3168,2,gcn,softplus,2.0,3168,0.16871607751877168,0.2419338652280523,0.17143137309022044,0.16746935214195088,False,True,True,"[0.05165, 0.04321, 0.04317]",[],3301,200,8,6,32,4,14.6,cuda,cut,0.05,8,float32,0.23893269339868084,20
hops,s1584,1,heat,relu,2.0,1584,0.21646480298536808,0.29016310299041387,0.22937487730153158,0.21422125618812327,False,True,True,"[0.08062, 0.06955, 0.0694]","[2.389, 1.9449, 1.9259, 1.9526]",3301,200,8,6,32,4,10.0,cuda,cut,0.05,8,float32,0.30389307316246,20
hops,s1584,1,qw,relu,2.0,1584,0.21655426430476746,0.2901833353282214,0.22947841846693373,0.21422125618812327,False,True,True,"[0.08087, 0.06957, 0.06946]","[2.4404, 2.2163, 2.2164, 2.2391]",3301,200,8,6,32,4,10.4,cuda,cut,0.05,8,float32,0.30389307316246,20
hops,s1584,2,gcn,relu,2.0,1584,0.21286032351615028,0.2991626585915156,0.21467004755230837,0.21167407191032386,False,False,True,"[0.06917, 0.06239, 0.06232]",[],3301,200,8,6,32,4,7.4,cuda,cut,0.05,8,float32,0.2918149112920989,20
delay,s3168,2,heat,softplus,2.0,3168,0.16870326394064708,0.2412893618959271,0.17141322977760054,0.16746935214195088,False,True,True,"[0.05168, 0.04319, 0.04317]","[2.9228, 2.9111, 2.9207, 2.9219]",3301,200,8,6,32,4,32.2,cuda,cut,0.05,8,float32,0.23893269339868084,20
hops,s1584,2,heat,relu,2.0,1584,0.21287286558709032,0.29883522713253335,0.21467795977962786,0.21167407191032386,False,False,True,"[0.06914, 0.06237, 0.06232]","[2.714, 2.7034, 2.7028, 2.7033]",3301,200,8,6,32,4,9.9,cuda,cut,0.05,8,float32,0.2918149112920989,20
hops,s1584,2,qw,relu,2.0,1584,0.21289986756360565,0.29882250729033627,0.21469986746399286,0.21167407191032386,False,False,True,"[0.06912, 0.06237, 0.06233]","[3.0086, 2.9919, 2.992, 2.992]",3301,200,8,6,32,4,10.5,cuda,cut,0.05,8,float32,0.2918149112920989,20
hops,s1584,3,gcn,relu,2.0,1584,0.22147186974538588,0.28190707651595726,0.20136389516722034,0.22380801566652261,True,True,True,"[0.06263, 0.05907, 0.05615]",[],3301,200,8,6,32,4,7.4,cuda,cut,0.05,8,float32,0.30001465975182123,20
hops,s1584,3,heat,relu,2.0,1584,0.1994104139998348,0.21220020690230235,0.1777716381898658,0.22380801566652261,True,True,True,"[0.06255, 0.05884, 0.04803]","[3.7123, 2.6775, 2.3023, 2.0738]",3301,200,8,6,32,4,9.9,cuda,cut,0.05,8,float32,0.30001465975182123,20
hops,s1584,3,qw,relu,2.0,1584,0.19937930516357713,0.24431355702136717,0.17305418833116576,0.22380801566652261,True,True,True,"[0.06256, 0.05923, 0.05057]","[2.6422, 1.5402, 1.5969, 1.5474]",3301,200,8,6,32,4,10.4,cuda,cut,0.05,8,float32,0.30001465975182123,20
hops,s1584,4,gcn,relu,2.0,1584,0.20266898861311702,0.28869553515157226,0.20525526940720296,0.20166345434231991,False,True,True,"[0.06684, 0.05851, 0.05815]",[],3301,200,8,6,32,4,7.4,cuda,cut,0.05,8,float32,0.2875493682492633,20
hops,s1584,4,heat,relu,2.0,1584,0.20222769991529208,0.29764571989109806,0.20481615187864835,0.20166345434231991,False,True,True,"[0.06704, 0.05849, 0.05824]","[2.6578, 1.7466, 1.7606, 1.761]",3301,200,8,6,32,4,9.9,cuda,cut,0.05,8,float32,0.2875493682492633,20
delay,s3168,2,qw,softplus,2.0,3168,0.1686988296002927,0.24117843116140603,0.1714111208787683,0.16746935214195088,False,True,True,"[0.05167, 0.04319, 0.04317]","[2.9803, 2.9723, 2.9783, 2.9784]",3301,200,8,6,32,4,61.3,cuda,cut,0.05,8,float32,0.23893269339868084,20
hops,s1584,4,qw,relu,2.0,1584,0.20295466607756385,0.2902082430293636,0.2055340007331453,0.20166345434231991,False,True,True,"[0.067, 0.05851, 0.05833]","[2.6135, 2.3928, 2.4126, 2.4126]",3301,200,8,6,32,4,10.5,cuda,cut,0.05,8,float32,0.2875493682492633,20
delay,s3168,3,gcn,softplus,2.0,3168,0.17569685658532697,0.2403293458960676,0.16615393730318478,0.17456477681518434,False,True,True,"[0.04591, 0.04206, 0.04127]",[],3301,200,8,6,32,4,14.6,cuda,cut,0.05,8,float32,0.24098371088361037,20
hops,s1584,5,gcn,relu,2.0,1584,0.20749969487250955,0.2858029721451619,0.22126566509909062,0.20494496734869297,False,True,True,"[0.07903, 0.06552, 0.06538]",[],3301,200,8,6,32,4,7.7,cuda,cut,0.05,8,float32,0.28995785954405556,20
hops,s1584,5,heat,relu,2.0,1584,0.2077633865140002,0.28669560121247634,0.22150991989341987,0.20494496734869297,False,True,True,"[0.07907, 0.06556, 0.06553]","[2.7463, 2.7473, 2.7315, 2.6912]",3301,200,8,6,32,4,9.9,cuda,cut,0.05,8,float32,0.28995785954405556,20
hops,s1584,5,qw,relu,2.0,1584,0.2077729269887261,0.2866319438999306,0.22151649578573238,0.20494496734869297,False,True,True,"[0.07902, 0.06556, 0.06553]","[2.9459, 2.9466, 2.971, 2.9329]",3301,200,8,6,32,4,10.4,cuda,cut,0.05,8,float32,0.28995785954405556,20
hops,s1584,6,gcn,relu,2.0,1584,0.2042580626521617,0.2884605675372078,0.2089615514854115,0.20352606689957245,False,True,True,"[0.06883, 0.05979, 0.0596]",[],3301,200,8,6,32,4,7.4,cuda,cut,0.05,8,float32,0.29468145136268387,20
delay,s3168,3,heat,softplus,2.0,3168,0.17091679221544584,0.22564905629794843,0.15908147960403263,0.17456477681518434,True,True,True,"[0.04588, 0.04206, 0.04004]","[3.6476, 1.4736, 1.1603, 1.0451]",3301,200,8,6,32,4,31.3,cuda,cut,0.05,8,float32,0.24098371088361037,20
hops,s1584,6,heat,relu,2.0,1584,0.15660714986381316,0.20232396245473014,0.1609777257759524,0.20352606689957245,True,True,True,"[0.0688, 0.05847, 0.04809]","[3.7211, 2.4841, 2.2865, 2.2178]",3301,200,8,6,32,4,10.0,cuda,cut,0.05,8,float32,0.29468145136268387,20
hops,s1584,6,qw,relu,2.0,1584,0.17309038143609698,0.1664338589542536,0.1735608950971668,0.20352606689957245,True,True,True,"[0.06882, 0.05935, 0.04989]","[2.7249, 2.0735, 1.1021, 1.005]",3301,200,8,6,32,4,10.3,cuda,cut,0.05,8,float32,0.29468145136268387,20
hops,s1584,7,gcn,relu,2.0,1584,0.20613289289709544,0.3032890311314672,0.2075110728634319,0.2073090134066238,True,True,True,"[0.06686, 0.06104, 0.05982]",[],3301,200,8,6,32,4,7.4,cuda,cut,0.05,8,float32,0.28540695962342993,20
hops,s1584,7,heat,relu,2.0,1584,0.2069458468215107,0.2926566904037065,0.2102276424579252,0.2073090134066238,True,False,True,"[0.06681, 0.06099, 0.06058]","[2.0329, 1.9526, 1.4469, 1.4327]",3301,200,8,6,32,4,9.9,cuda,cut,0.05,8,float32,0.28540695962342993,20
hops,s1584,7,qw,relu,2.0,1584,0.20880055073993628,0.3002028160266666,0.2116001959436813,0.2073090134066238,False,False,True,"[0.06681, 0.06101, 0.06089]","[2.3037, 2.3037, 2.299, 2.2984]",3301,200,8,6,32,4,10.4,cuda,cut,0.05,8,float32,0.28540695962342993,20
hops,s1584,8,gcn,relu,2.0,1584,0.21297975132588345,0.261261663592544,0.21151847507765825,0.2142830371220913,True,True,True,"[0.07765, 0.0626, 0.06011]",[],3301,200,8,6,32,4,7.4,cuda,cut,0.05,8,float32,0.3031558346890644,20
delay,s3168,3,qw,softplus,2.0,3168,0.17562434309314479,0.25235450054143005,0.16872996093150855,0.17456477681518434,False,False,True,"[0.04589, 0.04223, 0.04216]","[1.8163, 1.6819, 1.6821, 1.6823]",3301,200,8,6,32,4,60.2,cuda,cut,0.05,8,float32,0.24098371088361037,20
hops,s1584,8,heat,relu,2.0,1584,0.21679228030008765,0.2950634735805529,0.21730537659158186,0.2142830371220913,False,True,True,"[0.07793, 0.06341, 0.06328]","[2.1867, 1.5975, 1.6303, 1.6035]",3301,200,8,6,32,4,10.0,cuda,cut,0.05,8,float32,0.3031558346890644,20
hops,s1584,8,qw,relu,2.0,1584,0.2168359150235958,0.295265656428973,0.2173675604871912,0.2142830371220913,False,True,True,"[0.07794, 0.06342, 0.06333]","[2.4085, 2.1979, 2.2055, 2.2045]",3301,200,8,6,32,4,10.6,cuda,cut,0.05,8,float32,0.3031558346890644,20
delay,s3168,4,gcn,softplus,2.0,3168,0.16787513954916136,0.24116615484468884,0.1678912231125816,0.1676993677753215,False,True,True,"[0.05224, 0.04167, 0.04156]",[],3301,200,8,6,32,4,14.6,cuda,cut,0.05,8,float32,0.24142058346651765,20
hops,s1584,9,gcn,relu,2.0,1584,0.19798924421471378,0.28100237727117156,0.21358468801616878,0.1972476585583153,False,True,True,"[0.06856, 0.0618, 0.06165]",[],3301,200,8,6,32,4,7.6,cuda,cut,0.05,8,float32,0.2859626192448666,20
hops,s1584,9,heat,relu,2.0,1584,0.19859530788968607,0.28954834556986314,0.21379353172725507,0.1972476585583153,False,True,True,"[0.06864, 0.06181, 0.06177]","[2.2816, 2.253, 2.252, 2.2545]",3301,200,8,6,32,4,9.9,cuda,cut,0.05,8,float32,0.2859626192448666,20
hops,s1584,9,qw,relu,2.0,1584,0.1987126273281797,0.2896486930312494,0.21388002994589067,0.1972476585583153,False,False,True,"[0.06864, 0.06181, 0.06179]","[2.522, 2.5252, 2.5249, 2.526]",3301,200,8,6,32,4,10.3,cuda,cut,0.05,8,float32,0.2859626192448666,20
delay,s3168,4,heat,softplus,2.0,3168,0.16784423722349331,0.240335982780427,0.16785344194861615,0.1676993677753215,False,True,True,"[0.05238, 0.04163, 0.04154]","[2.6792, 2.533, 2.5641, 2.5641]",3301,200,8,6,32,4,31.5,cuda,cut,0.05,8,float32,0.24142058346651765,20
delay,s1584,0,gcn,relu,2.0,1584,0.1674530835871613,0.23145664382688905,0.1713559743381638,0.16718246888562172,False,True,True,"[0.07011, 0.04348, 0.04335]",[],3301,200,8,6,32,4,7.8,cuda,cut,0.05,8,float32,0.23142011562655515,20
delay,s1584,0,heat,relu,2.0,1584,0.16741204574533272,0.2304547851984365,0.17132370698365976,0.16718246888562172,False,True,True,"[0.07007, 0.04349, 0.04337]","[1.0527, 0.9336, 0.9368, 0.9355]",3301,200,8,6,32,4,10.1,cuda,cut,0.05,8,float32,0.23142011562655515,20
delay,s1584,0,qw,relu,2.0,1584,0.1675356960450127,0.23037813033173968,0.17143919324536744,0.16718246888562172,False,True,True,"[0.07007, 0.04351, 0.04344]","[2.0833, 2.1342, 2.1346, 2.1346]",3301,200,8,6,32,4,10.7,cuda,cut,0.05,8,float32,0.23142011562655515,20
delay,s1584,1,gcn,relu,2.0,1584,0.16861364539275228,0.22016069240010605,0.1767245593599533,0.17031059692173203,True,True,True,"[0.05934, 0.04643, 0.04614]",[],3301,200,8,6,32,4,7.6,cuda,cut,0.05,8,float32,0.23514632530449575,20
delay,s1584,1,heat,relu,2.0,1584,0.17018664898766325,0.23499020494357845,0.17790327546824092,0.17031059692173203,True,True,True,"[0.05932, 0.04644, 0.04629]","[1.1879, 0.3037, 0.2422, 0.2815]",3301,200,8,6,32,4,10.1,cuda,cut,0.05,8,float32,0.23514632530449575,20
delay,s1584,1,qw,relu,2.0,1584,0.17027928264888462,0.23507790407986687,0.17798831590364284,0.17031059692173203,True,True,True,"[0.05959, 0.04647, 0.04635]","[1.1924, 0.6317, 0.63, 0.6551]",3301,200,8,6,32,4,10.6,cuda,cut,0.05,8,float32,0.23514632530449575,20
delay,s3168,4,qw,softplus,2.0,3168,0.16790708377706484,0.24041052150636474,0.16790657900848527,0.1676993677753215,False,True,True,"[0.05251, 0.04164, 0.04158]","[2.7624, 2.7618, 2.7885, 2.7887]",3301,200,8,6,32,4,59.5,cuda,cut,0.05,8,float32,0.24142058346651765,20
delay,s1584,2,gcn,relu,2.0,1584,0.16929410283913546,0.2304559643623274,0.17205830181869758,0.16813962006055974,False,True,True,"[0.05189, 0.04353, 0.04348]",[],3301,200,8,6,32,4,7.7,cuda,cut,0.05,8,float32,0.22760433742461253,20
delay,s1584,2,heat,relu,2.0,1584,0.16927857302266067,0.22973282639589662,0.17204076357294906,0.16813962006055974,False,True,True,"[0.05197, 0.04352, 0.04349]","[2.0155, 2.0237, 2.0241, 2.0221]",3301,200,8,6,32,4,10.3,cuda,cut,0.05,8,float32,0.22760433742461253,20
delay,s3168,5,gcn,softplus,2.0,3168,0.17015322312882786,0.23432070508389535,0.17248103618163957,0.1695395661645368,False,True,True,"[0.06089, 0.04405, 0.04383]",[],3301,200,8,6,32,4,14.6,cuda,cut,0.05,8,float32,0.24596915360898364,20
delay,s1584,2,qw,relu,2.0,1584,0.16931550641301532,0.22961661144894574,0.17207783741505778,0.16813962006055974,False,True,True,"[0.05196, 0.04353, 0.0435]","[2.9428, 2.9357, 2.9388, 2.9389]",3301,200,8,6,32,4,10.6,cuda,cut,0.05,8,float32,0.22760433742461253,20
delay,s1584,3,gcn,relu,2.0,1584,0.17300833411613145,0.213027048723161,0.1648063375942369,0.17559238301889157,True,True,True,"[0.04608, 0.04221, 0.04073]",[],3301,200,8,6,32,4,7.7,cuda,cut,0.05,8,float32,0.23256354205315924,20
delay,s1584,3,heat,relu,2.0,1584,0.1656947878995081,0.22309815856188184,0.15216728240457916,0.17559238301889157,True,True,True,"[0.04606, 0.0422, 0.03864]","[3.3123, 1.3294, 0.932, 0.8455]",3301,200,8,6,32,4,10.0,cuda,cut,0.05,8,float32,0.23256354205315924,20
delay,s3168,5,heat,softplus,2.0,3168,0.1707523689240371,0.23686416519572775,0.1729434848458561,0.1695395661645368,False,True,True,"[0.06058, 0.04408, 0.04406]","[2.8663, 2.8671, 2.8527, 2.8158]",3301,200,8,6,32,4,30.8,cuda,cut,0.05,8,float32,0.24596915360898364,20
delay,s1584,3,qw,relu,2.0,1584,0.17447016980867092,0.2432951048600455,0.1646906890871998,0.17559238301889157,True,False,True,"[0.04614, 0.04238, 0.04172]","[1.867, 0.641, 0.3521, 0.352]",3301,200,8,6,32,4,10.6,cuda,cut,0.05,8,float32,0.23256354205315924,20
delay,s1584,4,gcn,relu,2.0,1584,0.16778857367323327,0.22961046749910682,0.16816956499509744,0.16771967093591966,False,True,True,"[0.0524, 0.04187, 0.04169]",[],3301,200,8,6,32,4,7.7,cuda,cut,0.05,8,float32,0.2300894549207899,20
delay,s1584,4,heat,relu,2.0,1584,0.16648896970246804,0.22261409303289384,0.16704628360648804,0.16771967093591966,True,True,True,"[0.05254, 0.04186, 0.04153]","[1.8725, 0.6329, 0.6574, 0.6574]",3301,200,8,6,32,4,10.1,cuda,cut,0.05,8,float32,0.2300894549207899,20
delay,s1584,4,qw,relu,2.0,1584,0.1679761342003452,0.22911293108791195,0.16832542858239982,0.16771967093591966,False,True,True,"[0.05266, 0.04189, 0.04182]","[2.404, 2.4271, 2.4458, 2.4458]",3301,200,8,6,32,4,10.5,cuda,cut,0.05,8,float32,0.2300894549207899,20
delay,s1584,5,gcn,relu,2.0,1584,0.17068472766060294,0.22298247935705495,0.17376397974507513,0.1695982223801528,False,True,True,"[0.06119, 0.0445, 0.04441]",[],3301,200,8,6,32,4,7.6,cuda,cut,0.05,8,float32,0.231928506338583,20
delay,s1584,5,heat,relu,2.0,1584,0.17078679203846014,0.22264560353880394,0.17387501238695358,0.1695982223801528,False,True,True,"[0.06088, 0.04451, 0.04447]","[1.5603, 1.5596, 1.5651, 1.5002]",3301,200,8,6,32,4,10.1,cuda,cut,0.05,8,float32,0.231928506338583,20
delay,s3168,5,qw,softplus,2.0,3168,0.1707423728005255,0.23674971847390278,0.1729390902427155,0.1695395661645368,False,True,True,"[0.06055, 0.04407, 0.04406]","[2.8157, 2.8164, 2.8455, 2.8029]",3301,200,8,6,32,4,58.8,cuda,cut,0.05,8,float32,0.24596915360898364,20
delay,s1584,5,qw,relu,2.0,1584,0.17080860561691225,0.22249701948382297,0.17389833316988326,0.1695982223801528,False,True,True,"[0.06087, 0.04451, 0.04449]","[2.5768, 2.577, 2.6065, 2.5657]",3301,200,8,6,32,4,10.5,cuda,cut,0.05,8,float32,0.231928506338583,20
delay,s1584,6,gcn,relu,2.0,1584,0.16774242886840696,0.22617698548919563,0.17031676233021453,0.16698550508492424,False,True,True,"[0.05389, 0.04299, 0.04286]",[],3301,200,8,6,32,4,7.9,cuda,cut,0.05,8,float32,0.23130154359730828,20
delay,s3168,6,gcn,softplus,2.0,3168,0.16752878913611977,0.2364819820704311,0.16966131231898968,0.16648470040141083,False,True,True,"[0.0536, 0.04259, 0.04252]",[],3301,200,8,6,32,4,14.6,cuda,cut,0.05,8,float32,0.24211817317078285,20
delay,s1584,6,heat,relu,2.0,1584,0.17482583796423593,0.2765135797448394,0.18153603470611157,0.16698550508492424,False,True,True,"[0.05418, 0.04279, 0.03831]","[2.9825, 2.3095, 1.5445, -0.0501]",3301,200,8,6,32,4,10.2,cuda,cut,0.05,8,float32,0.23130154359730828,20
delay,s1584,6,qw,relu,2.0,1584,0.1563574267654783,0.2234455917327053,0.16040966756378167,0.16698550508492424,True,True,True,"[0.05413, 0.04294, 0.0409]","[1.4257, 0.9125, 0.774, 0.7228]",3301,200,8,6,32,4,10.6,cuda,cut,0.05,8,float32,0.23130154359730828,20
delay,s1584,7,gcn,relu,2.0,1584,0.17129752822968988,0.24846040335392716,0.16922885288739864,0.17015197013660807,False,True,True,"[0.05082, 0.04357, 0.04305]",[],3301,200,8,6,32,4,7.6,cuda,cut,0.05,8,float32,0.22817133965122297,20
delay,s3168,6,heat,softplus,2.0,3168,0.166165735472232,0.23246532060317385,0.16835539544674727,0.16648470040141083,True,True,True,"[0.05396, 0.04255, 0.04231]","[2.5108, 1.1481, 1.1489, 1.1504]",3301,200,8,6,32,4,31.0,cuda,cut,0.05,8,float32,0.24211817317078285,20
delay,s1584,7,heat,relu,2.0,1584,0.171319542465824,0.24215344672380082,0.17126335025239664,0.17015197013660807,False,True,True,"[0.05064, 0.04355, 0.04341]","[1.2199, 1.1717, 1.1341, 1.1325]",3301,200,8,6,32,4,10.2,cuda,cut,0.05,8,float32,0.22817133965122297,20
delay,s1584,7,qw,relu,2.0,1584,0.17169357312632325,0.24285144475547524,0.17159111775797992,0.17015197013660807,False,True,True,"[0.05069, 0.04356, 0.04351]","[2.3259, 2.3259, 2.3246, 2.3246]",3301,200,8,6,32,4,10.7,cuda,cut,0.05,8,float32,0.22817133965122297,20
delay,s1584,8,gcn,relu,2.0,1584,0.16947570403397746,0.21285902739676887,0.16902508055287085,0.1725296807178078,True,True,True,"[0.06105, 0.04391, 0.04228]",[],3301,200,8,6,32,4,7.6,cuda,cut,0.05,8,float32,0.23603059260903947,20
delay,s1584,8,heat,relu,2.0,1584,0.17345599508489581,0.23354059971137278,0.17345238649887515,0.1725296807178078,False,True,True,"[0.06121, 0.04448, 0.04436]","[1.1036, 0.2151, 0.2554, 0.2203]",3301,200,8,6,32,4,10.1,cuda,cut,0.05,8,float32,0.23603059260903947,20
delay,s1584,8,qw,relu,2.0,1584,0.17351448484561216,0.23360890020673686,0.1735181630936109,0.1725296807178078,False,True,True,"[0.06123, 0.0445, 0.04443]","[1.3081, 1.1043, 1.1115, 1.1089]",3301,200,8,6,32,4,10.7,cuda,cut,0.05,8,float32,0.23603059260903947,20
delay,s1584,9,gcn,relu,2.0,1584,0.1684413430406806,0.23245879946512468,0.17218198255160141,0.1675019948737404,False,True,True,"[0.05232, 0.04381, 0.04377]",[],3301,200,8,6,32,4,7.6,cuda,cut,0.05,8,float32,0.22982095839498537,20
delay,s3168,6,qw,softplus,2.0,3168,0.16622118832800625,0.24381117087661786,0.16908741551250012,0.16648470040141083,True,True,True,"[0.05384, 0.04254, 0.0422]","[1.8305, 0.9731, 0.9733, 0.9735]",3301,200,8,6,32,4,58.5,cuda,cut,0.05,8,float32,0.24211817317078285,20
delay,s1584,9,heat,relu,2.0,1584,0.16859207167905546,0.23300631521806933,0.17231436630677444,0.1675019948737404,False,True,True,"[0.05243, 0.04381, 0.04379]","[2.0608, 2.029, 2.0292, 2.0351]",3301,200,8,6,32,4,10.1,cuda,cut,0.05,8,float32,0.22982095839498537,20
delay,s1584,9,qw,relu,2.0,1584,0.16862082272326662,0.23300761430735095,0.17233938029529222,0.1675019948737404,False,True,True,"[0.05243, 0.04381, 0.0438]","[2.7316, 2.7317, 2.7313, 2.7312]",3301,200,8,6,32,4,10.9,cuda,cut,0.05,8,float32,0.22982095839498537,20
delay,s3168,7,gcn,softplus,2.0,3168,0.16843461406153393,0.2406348986020759,0.1696966327184819,0.16903304502276642,True,True,True,"[0.05063, 0.04334, 0.04307]",[],3301,200,8,6,32,4,14.4,cuda,cut,0.05,8,float32,0.23704395278505386,20
hops,s264,0,gcn,relu,2.0,264,0.15519627173092554,0.19281323902679318,0.16497187927950907,0.19787345489374164,True,True,True,"[0.08439, 0.0573, 0.045]",[],3301,200,8,6,32,4,5.6,cuda,cut,0.05,8,float32,0.280693571562402,20
hops,s264,0,heat,relu,2.0,264,0.19464314429352833,0.27039807081214495,0.20355868549438927,0.19787345489374164,True,True,True,"[0.08445, 0.05903, 0.05815]","[1.4382, 1.2693, 1.2681, 1.2681]",3301,200,8,6,32,4,8.1,cuda,cut,0.05,8,float32,0.280693571562402,20
hops,s264,0,qw,relu,2.0,264,0.1981428768438748,0.27559841721195166,0.20686349265319717,0.19787345489374164,False,True,True,"[0.08435, 0.05912, 0.05891]","[2.0902, 2.1392, 2.1393, 2.1393]",3301,200,8,6,32,4,8.4,cuda,cut,0.05,8,float32,0.280693571562402,20
hops,s264,1,gcn,relu,2.0,264,0.17197680846327032,0.2027595236277385,0.18193401972883183,0.20885174311791557,True,True,True,"[0.07824, 0.06296, 0.04861]",[],3301,200,8,6,32,4,5.5,cuda,cut,0.05,8,float32,0.29127543094454805,20
delay,s3168,7,heat,softplus,2.0,3168,0.17053192064488662,0.25195218368158084,0.17120871961463244,0.16903304502276642,False,True,True,"[0.05044, 0.04331, 0.04324]","[2.4469, 2.4211, 2.3941, 2.3921]",3301,200,8,6,32,4,30.5,cuda,cut,0.05,8,float32,0.23704395278505386,20
hops,s264,1,heat,relu,2.0,264,0.11053279992851495,0.207496379852346,0.116165756055676,0.20885174311791557,True,True,True,"[0.07818, 0.06556, 0.05109]","[2.4226, 1.1934, 0.6962, 0.7274]",3301,200,8,6,32,4,8.2,cuda,cut,0.05,8,float32,0.29127543094454805,20
hops,s264,1,qw,relu,2.0,264,0.11249688627537002,0.19631484409101385,0.1261720413599643,0.20885174311791557,True,True,True,"[0.07826, 0.06576, 0.05788]","[1.7078, 1.1961, 0.431, 0.5445]",3301,200,8,6,32,4,8.5,cuda,cut,0.05,8,float32,0.29127543094454805,20
hops,s264,2,gcn,relu,2.0,264,0.20143466881438712,0.36907969787467576,0.19953329364811495,0.20518608943728558,True,True,True,"[0.06802, 0.05741, 0.04851]",[],3301,200,8,6,32,4,5.4,cuda,cut,0.05,8,float32,0.28151911417235204,20
hops,s264,2,heat,relu,2.0,264,0.20418616259385916,0.28314993153203943,0.20723544421013107,0.20518608943728558,True,True,True,"[0.06784, 0.06008, 0.05972]","[1.9966, 1.9974, 1.9977, 1.997]",3301,200,8,6,32,4,8.1,cuda,cut,0.05,8,float32,0.28151911417235204,20
hops,s264,2,qw,relu,2.0,264,0.20577292075860457,0.2850110877799069,0.20879724981601944,0.20518608943728558,False,True,True,"[0.06776, 0.06008, 0.05997]","[2.3953, 2.3948, 2.3948, 2.3951]",3301,200,8,6,32,4,8.4,cuda,cut,0.05,8,float32,0.28151911417235204,20
hops,s264,3,gcn,relu,2.0,264,0.18611949245501877,0.23207256050703384,0.16310170205190044,0.2183135611480196,True,True,True,"[0.06092, 0.04693, 0.04115]",[],3301,200,8,6,32,4,5.5,cuda,cut,0.05,8,float32,0.2903015533112491,20
hops,s264,3,heat,relu,2.0,264,0.07989954923731134,0.11635674650613369,0.08769778952806849,0.2183135611480196,True,True,True,"[0.06115, 0.0543, 0.02065]","[2.4517, 1.9533, 1.4545, 1.8117]",3301,200,8,6,32,4,8.2,cuda,cut,0.05,8,float32,0.2903015533112491,20
hops,s264,3,qw,relu,2.0,264,0.21720382027243348,0.29466304985321123,0.20282918778177578,0.2183135611480196,True,False,True,"[0.06117, 0.0579, 0.05766]","[1.5203, 1.4871, 1.4873, 1.4873]",3301,200,8,6,32,4,8.3,cuda,cut,0.05,8,float32,0.2903015533112491,20
delay,s3168,7,qw,softplus,2.0,3168,0.17063205619411217,0.2521829005349984,0.1712922488015943,0.16903304502276642,False,True,True,"[0.05049, 0.04331, 0.04327]","[2.6255, 2.6255, 2.6233, 2.623]",3301,200,8,6,32,4,57.5,cuda,cut,0.05,8,float32,0.23704395278505386,20
hops,s264,4,gcn,relu,2.0,264,0.14761894973314774,0.16574286605072316,0.15467224470657212,0.19630108461386028,True,True,True,"[0.06616, 0.05456, 0.03911]",[],3301,200,8,6,32,4,5.6,cuda,cut,0.05,8,float32,0.27638427471612287,20
hops,s264,4,heat,relu,2.0,264,0.13735819052942475,0.13460806935872774,0.14340436727048433,0.19630108461386028,True,True,True,"[0.0662, 0.05619, 0.0491]","[1.6118, 0.7888, 0.6386, 0.6358]",3301,200,8,6,32,4,8.1,cuda,cut,0.05,8,float32,0.27638427471612287,20
delay,s3168,8,gcn,softplus,2.0,3168,0.17115567561275458,0.22094434568862345,0.1702040161409711,0.17193813426688595,True,True,True,"[0.06078, 0.04396, 0.04297]",[],3301,200,8,6,32,4,14.3,cuda,cut,0.05,8,float32,0.2465726510254902,20
hops,s264,4,qw,relu,2.0,264,0.1967236791182347,0.2750532706063477,0.19970070609159654,0.19630108461386028,False,True,True,"[0.06611, 0.05641, 0.05613]","[2.1067, 2.0308, 2.0419, 2.0419]",3301,200,8,6,32,4,8.4,cuda,cut,0.05,8,float32,0.27638427471612287,20
hops,s264,5,gcn,relu,2.0,264,0.16563031213555598,0.1876485201734999,0.1836914934859978,0.19923935919256897,True,True,True,"[0.07808, 0.06165, 0.05278]",[],3301,200,8,6,32,4,5.5,cuda,cut,0.05,8,float32,0.2791314775494313,20
hops,s264,5,heat,relu,2.0,264,0.20115759222053295,0.2781495890570988,0.21478162693551206,0.19923935919256897,False,True,True,"[0.07801, 0.06294, 0.06274]","[2.1092, 2.1095, 2.1052, 2.0622]",3301,200,8,6,32,4,8.1,cuda,cut,0.05,8,float32,0.2791314775494313,20
hops,s264,5,qw,relu,2.0,264,0.20138608767989682,0.27833437152971485,0.21499527453543674,0.19923935919256897,False,True,True,"[0.07798, 0.06295, 0.06283]","[1.945, 1.9426, 1.9385, 1.8789]",3301,200,8,6,32,4,8.4,cuda,cut,0.05,8,float32,0.2791314775494313,20
delay,s3168,8,heat,softplus,2.0,3168,0.1729978639433538,0.24381623042012746,0.17263165963404298,0.17193813426688595,False,True,True,"[0.0609, 0.04409, 0.04403]","[2.2736, 2.1578, 2.2054, 2.1818]",3301,200,8,6,32,4,30.2,cuda,cut,0.05,8,float32,0.2465726510254902,20
hops,s264,6,gcn,relu,2.0,264,0.1647005950516993,0.23416738232515136,0.16978864239133667,0.1980908092045498,True,False,False,"[0.06802, 0.04701, 0.05242]",[],3301,200,8,6,32,4,5.6,cuda,cut,0.05,8,float32,0.2824305972873655,20
hops,s264,6,heat,relu,2.0,264,0.12173776566097984,0.17039409827269628,0.1240299249060847,0.1980908092045498,True,True,True,"[0.06827, 0.05789, 0.05046]","[1.6155, 0.9096, 0.4047, 0.1343]",3301,200,8,6,32,4,8.1,cuda,cut,0.05,8,float32,0.2824305972873655,20
hops,s264,6,qw,relu,2.0,264,0.10810183277447717,0.08877829359982803,0.10263829568937194,0.1980908092045498,True,True,True,"[0.06811, 0.05506, 0.01696]","[1.5631, 1.227, 1.2264, 1.2316]",3301,200,8,6,32,4,8.4,cuda,cut,0.05,8,float32,0.2824305972873655,20
hops,s264,7,gcn,relu,2.0,264,0.15615063036246357,0.20754529346339912,0.16533345838825247,0.2023148803825895,True,True,True,"[0.06608, 0.05739, 0.04204]",[],3301,200,8,6,32,4,5.5,cuda,cut,0.05,8,float32,0.2772391338182611,20
hops,s264,7,heat,relu,2.0,264,0.09122301804400379,0.1241403073030854,0.08070231114415397,0.2023148803825895,True,True,True,"[0.06561, 0.05883, 0.03784]","[1.9834, 1.8564, 1.4709, 1.1078]",3301,200,8,6,32,4,8.0,cuda,cut,0.05,8,float32,0.2772391338182611,20
hops,s264,7,qw,relu,2.0,264,0.19170745270035108,0.2643992019239277,0.1966492157521178,0.2023148803825895,True,True,True,"[0.06563, 0.05905, 0.05837]","[1.5884, 1.5879, 1.5769, 1.5769]",3301,200,8,6,32,4,8.5,cuda,cut,0.05,8,float32,0.2772391338182611,20
hops,s264,8,gcn,relu,2.0,264,0.17826943285645672,0.24713862988259397,0.17623601482905957,0.20912674601857714,True,True,True,"[0.07591, 0.04922, 0.04268]",[],3301,200,8,6,32,4,5.5,cuda,cut,0.05,8,float32,0.2907939653096018,20
hops,s264,8,heat,relu,2.0,264,0.19781387736550485,0.2522722897291871,0.1947924772552638,0.20912674601857714,True,True,True,"[0.07657, 0.06045, 0.05899]","[1.309, 0.4701, 0.4794, 0.461]",3301,200,8,6,32,4,8.2,cuda,cut,0.05,8,float32,0.2907939653096018,20
delay,s3168,8,qw,softplus,2.0,3168,0.17301325570928758,0.2438160538930295,0.17264830359727976,0.17193813426688595,False,True,True,"[0.06092, 0.04409, 0.04405]","[2.2358, 2.263, 2.2714, 2.2683]",3301,200,8,6,32,4,56.5,cuda,cut,0.05,8,float32,0.2465726510254902,20
hops,s264,8,qw,relu,2.0,264,0.20907955231013323,0.2799672851111728,0.20868338377454854,0.20912674601857714,True,True,True,"[0.07633, 0.06055, 0.06008]","[1.2643, 1.0066, 1.0093, 1.0077]",3301,200,8,6,32,4,8.4,cuda,cut,0.05,8,float32,0.2907939653096018,20
hops,s264,9,gcn,relu,2.0,264,0.13793632761349506,0.21612683997236215,0.15623409061509214,0.19265717992587297,True,True,True,"[0.06688, 0.05363, 0.03752]",[],3301,200,8,6,32,4,5.7,cuda,cut,0.05,8,float32,0.273270004191279,20
delay,s3168,9,gcn,softplus,2.0,3168,0.16828197635107978,0.2438239677140046,0.17170726751790039,0.1672302332407578,False,True,True,"[0.05209, 0.04348, 0.04347]",[],3301,200,8,6,32,4,14.3,cuda,cut,0.05,8,float32,0.2407107049752398,20
hops,s264,9,heat,relu,2.0,264,0.19323317377564656,0.2797482531967528,0.20713877536455227,0.19265717992587297,False,True,True,"[0.06691, 0.05925, 0.05918]","[2.2221, 2.2219, 2.2151, 2.2167]",3301,200,8,6,32,4,8.1,cuda,cut,0.05,8,float32,0.273270004191279,20
hops,s264,9,qw,relu,2.0,264,0.193587210426822,0.27991649819262426,0.20743596584493804,0.19265717992587297,False,True,True,"[0.06688, 0.05924, 0.0592]","[2.5336, 2.5336, 2.5334, 2.5333]",3301,200,8,6,32,4,8.5,cuda,cut,0.05,8,float32,0.273270004191279,20
delay,s264,0,gcn,relu,2.0,264,0.17770947556415895,0.13758742606323365,0.17651218550886508,0.1784763727337122,True,True,True,"[0.07763, 0.04674, 0.03934]",[],3301,200,8,6,32,4,5.5,cuda,cut,0.05,8,float32,0.24224253883709823,20
delay,s264,0,heat,relu,2.0,264,0.177056713368405,0.23591577671505728,0.1790522334702087,0.1784763727337122,True,True,True,"[0.07747, 0.04815, 0.04772]","[1.5065, 1.4414, 1.4426, 1.4426]",3301,200,8,6,32,4,8.1,cuda,cut,0.05,8,float32,0.24224253883709823,20
delay,s3168,9,heat,softplus,2.0,3168,0.1683144098494546,0.2439005391145014,0.17173359062023033,0.1672302332407578,False,True,True,"[0.05219, 0.04348, 0.04347]","[2.6403, 2.6247, 2.6244, 2.6275]",3301,200,8,6,32,4,30.1,cuda,cut,0.05,8,float32,0.2407107049752398,20
delay,s264,0,qw,relu,2.0,264,0.17851917195425493,0.23759278951268448,0.1805357105296218,0.1784763727337122,False,True,True,"[0.07752, 0.04818, 0.04806]","[2.3945, 2.4513, 2.4513, 2.4513]",3301,200,8,6,32,4,8.6,cuda,cut,0.05,8,float32,0.24224253883709823,20
delay,s264,1,gcn,relu,2.0,264,0.1607643702276747,0.16026497125717631,0.15805772268636661,0.18130437167704747,True,True,True,"[0.06601, 0.04804, 0.03472]",[],3301,200,8,6,32,4,5.5,cuda,cut,0.05,8,float32,0.2482453209224843,20
delay,s264,1,heat,relu,2.0,264,0.2061809980548034,0.15256235498945603,0.19157588776821893,0.18130437167704747,False,True,True,"[0.06614, 0.05092, 0.0428]","[1.7253, 0.6824, -0.1881, 0.621]",3301,200,8,6,32,4,8.1,cuda,cut,0.05,8,float32,0.2482453209224843,20
delay,s264,1,qw,relu,2.0,264,0.12419252523874884,0.20917373449168616,0.1305144083065291,0.18130437167704747,True,True,True,"[0.06624, 0.0511, 0.04424]","[1.3434, 0.8187, 0.7174, 0.8024]",3301,200,8,6,32,4,8.5,cuda,cut,0.05,8,float32,0.2482453209224843,20
delay,s264,2,gcn,relu,2.0,264,0.1486254534989859,0.1912791637311008,0.15027874170195762,0.17940558485376337,True,True,True,"[0.05751, 0.0473, 0.03853]",[],3301,200,8,6,32,4,5.5,cuda,cut,0.05,8,float32,0.2421685143875647,20
delay,s264,2,heat,relu,2.0,264,0.11714211368999171,0.16346567090132552,0.11714884210342655,0.17940558485376337,True,True,True,"[0.05766, 0.04812, 0.03283]","[1.3305, 1.1136, 1.1198, 0.7146]",3301,200,8,6,32,4,8.1,cuda,cut,0.05,8,float32,0.2421685143875647,20
delay,s264,2,qw,relu,2.0,264,0.18037605228965556,0.24452913255993514,0.18125242537247355,0.17940558485376337,False,True,True,"[0.05758, 0.04852, 0.04846]","[2.615, 2.6135, 2.6134, 2.6134]",3301,200,8,6,32,4,8.4,cuda,cut,0.05,8,float32,0.2421685143875647,20
delay,s3168,9,qw,softplus,2.0,3168,0.1683257209753554,0.24389942427756406,0.1717423844372638,0.1672302332407578,False,True,True,"[0.0522, 0.04349, 0.04348]","[2.8528, 2.8525, 2.8527, 2.8528]",3301,200,8,6,32,4,56.3,cuda,cut,0.05,8,float32,0.2407107049752398,20
delay,s264,3,gcn,relu,2.0,264,0.16199046394180958,0.23694203299965677,0.15263546670868175,0.1834615095661991,True,True,True,"[0.05188, 0.04344, 0.03566]",[],3301,200,8,6,32,4,5.5,cuda,cut,0.05,8,float32,0.2436870119141773,20
hops,s1584,0,gcn,softplus,2.0,1584,0.20280715842968045,0.2856136456083072,0.2125882692602722,0.20284212697399248,True,True,True,"[0.08443, 0.06119, 0.06078]",[],3301,200,8,6,32,4,8.2,cuda,cut,0.05,8,float32,0.29289856883747234,20
delay,s264,3,heat,relu,2.0,264,0.1582861066657128,0.18743382415132573,0.1511698485110449,0.1834615095661991,True,True,True,"[0.05199, 0.04758, 0.0456]","[0.9088, 0.6665, 0.4519, 0.4512]",3301,200,8,6,32,4,8.3,cuda,cut,0.05,8,float32,0.2436870119141773,20
delay,s264,3,qw,relu,2.0,264,0.18305371061668288,0.24468901246460217,0.17900267512463458,0.1834615095661991,True,False,True,"[0.05193, 0.04764, 0.04755]","[2.2091, 2.2055, 2.2059, 2.2059]",3301,200,8,6,32,4,8.4,cuda,cut,0.05,8,float32,0.2436870119141773,20
hops,s1584,0,heat,softplus,2.0,1584,0.20360519920173178,0.28900751140821385,0.2131352699023667,0.20284212697399248,False,True,True,"[0.08434, 0.06131, 0.06115]","[1.9966, 2.1122, 2.1144, 2.1142]",3301,200,8,6,32,4,10.3,cuda,cut,0.05,8,float32,0.29289856883747234,20
delay,s264,4,gcn,relu,2.0,264,0.1429276719437724,0.16065306186172332,0.1471666777047865,0.1758919300316278,True,True,True,"[0.05879, 0.04668, 0.03819]",[],3301,200,8,6,32,4,5.5,cuda,cut,0.05,8,float32,0.24038018968527722,20
hops,s1584,0,qw,softplus,2.0,1584,0.20370880464877408,0.28916663419898697,0.2132344443878427,0.20284212697399248,False,True,True,"[0.08436, 0.06131, 0.06121]","[2.5215, 2.5829, 2.5822, 2.5822]",3301,200,8,6,32,4,12.1,cuda,cut,0.05,8,float32,0.29289856883747234,20
delay,s264,4,heat,relu,2.0,264,0.17111051387525153,0.23198569993539883,0.173710107651652,0.1758919300316278,True,True,True,"[0.05896, 0.04762, 0.04665]","[1.1537, 0.8918, 0.906, 0.9061]",3301,200,8,6,32,4,8.2,cuda,cut,0.05,8,float32,0.24038018968527722,20
hops,s1584,1,gcn,softplus,2.0,1584,0.21526970938733947,0.2836764512148115,0.22838962335119523,0.21422125618812327,False,True,True,"[0.08064, 0.06922, 0.06859]",[],3301,200,8,6,32,4,8.1,cuda,cut,0.05,8,float32,0.30389307316246,20
delay,s264,4,qw,relu,2.0,264,0.17672111263446924,0.2404435438797444,0.17913775109671848,0.1758919300316278,False,True,True,"[0.05888, 0.04769, 0.04757]","[2.5993, 2.6026, 2.6131, 2.613]",3301,200,8,6,32,4,8.6,cuda,cut,0.05,8,float32,0.24038018968527722,20
delay,s264,5,gcn,relu,2.0,264,0.14877781150580358,0.1842077397948403,0.16252630872821267,0.17532704785616715,True,True,True,"[0.06908, 0.04924, 0.04269]",[],3301,200,8,6,32,4,5.7,cuda,cut,0.05,8,float32,0.23757896651864885,20
hops,s1584,1,heat,softplus,2.0,1584,0.2164636353483135,0.29016097004126246,0.2293736492892177,0.21422125618812327,False,True,True,"[0.08062, 0.06955, 0.0694]","[2.3623, 1.9556, 1.9389, 1.9616]",3301,200,8,6,32,4,10.4,cuda,cut,0.05,8,float32,0.30389307316246,20
delay,s264,5,heat,relu,2.0,264,0.17640412794520155,0.23834594012346935,0.18572497916774766,0.17532704785616715,False,True,True,"[0.06906, 0.05053, 0.05037]","[1.6793, 1.6779, 1.6741, 1.6212]",3301,200,8,6,32,4,8.1,cuda,cut,0.05,8,float32,0.23757896651864885,20
hops,s1584,1,qw,softplus,2.0,1584,0.2165522738959584,0.29018243316533804,0.2294766033404022,0.21422125618812327,False,True,True,"[0.08087, 0.06957, 0.06946]","[2.4404, 2.179, 2.179, 2.1991]",3301,200,8,6,32,4,12.1,cuda,cut,0.05,8,float32,0.30389307316246,20
delay,s264,5,qw,relu,2.0,264,0.17660243237259413,0.23831074347978676,0.18597113249371902,0.17532704785616715,False,True,True,"[0.06904, 0.05054, 0.05045]","[2.0538, 2.0514, 2.042, 1.986]",3301,200,8,6,32,4,8.4,cuda,cut,0.05,8,float32,0.23757896651864885,20
delay,s264,6,gcn,relu,2.0,264,0.1435676271241685,0.15652388811147688,0.14740177868886595,0.17780672095838299,True,True,True,"[0.0603, 0.0474, 0.03817]",[],3301,200,8,6,32,4,5.7,cuda,cut,0.05,8,float32,0.24289243794613513,20
hops,s1584,2,gcn,softplus,2.0,1584,0.21286032351615028,0.2991626585915156,0.21467004755230837,0.21167407191032386,False,False,True,"[0.06917, 0.06239, 0.06232]",[],3301,200,8,6,32,4,8.2,cuda,cut,0.05,8,float32,0.2918149112920989,20
delay,s264,6,heat,relu,2.0,264,0.10914684674288662,0.14382546697216578,0.10900727976783828,0.17780672095838299,True,True,True,"[0.06074, 0.04765, 0.02991]","[1.8253, 1.1096, 0.9766, 0.2626]",3301,200,8,6,32,4,8.2,cuda,cut,0.05,8,float32,0.24289243794613513,20
hops,s1584,2,heat,softplus,2.0,1584,0.21287242717561172,0.2988338991589922,0.21467765349209203,0.21167407191032386,False,False,True,"[0.06914, 0.06238, 0.06232]","[2.6563, 2.6461, 2.6453, 2.6458]",3301,200,8,6,32,4,10.2,cuda,cut,0.05,8,float32,0.2918149112920989,20
delay,s264,6,qw,relu,2.0,264,0.16654700314804838,0.25150058425652316,0.17097158182348887,0.17780672095838299,True,True,True,"[0.0607, 0.0483, 0.04758]","[1.3047, 0.8042, 0.8086, 0.8065]",3301,200,8,6,32,4,8.4,cuda,cut,0.05,8,float32,0.24289243794613513,20
delay,s264,7,gcn,relu,2.0,264,0.143356084480242,0.21271459679085714,0.14114683455960458,0.17869648637927393,True,True,True,"[0.05598, 0.04702, 0.03514]",[],3301,200,8,6,32,4,5.5,cuda,cut,0.05,8,float32,0.23892260421323266,20
hops,s1584,2,qw,softplus,2.0,1584,0.21289864710143291,0.29882348700396627,0.214698825876118,0.21167407191032386,False,False,True,"[0.06912, 0.06237, 0.06233]","[2.9385, 2.9228, 2.9229, 2.9229]",3301,200,8,6,32,4,12.1,cuda,cut,0.05,8,float32,0.2918149112920989,20
delay,s264,7,heat,relu,2.0,264,0.10990481765827897,0.13248842035650216,0.10453677180692356,0.17869648637927393,True,True,True,"[0.05541, 0.04543, 0.02171]","[1.7781, 1.5717, 1.5693, 0.843]",3301,200,8,6,32,4,8.1,cuda,cut,0.05,8,float32,0.23892260421323266,20
hops,s1584,3,gcn,softplus,2.0,1584,0.22147186974538588,0.28190707651595726,0.20136389516722034,0.22380801566652261,True,True,True,"[0.06263, 0.05907, 0.05615]",[],3301,200,8,6,32,4,8.2,cuda,cut,0.05,8,float32,0.30001465975182123,20
delay,s264,7,qw,relu,2.0,264,0.14046759889790356,0.18227864443361064,0.14137237782635953,0.17869648637927393,True,True,True,"[0.0556, 0.04746, 0.04478]","[1.5608, 1.5362, 1.5362, 1.5358]",3301,200,8,6,32,4,8.4,cuda,cut,0.05,8,float32,0.23892260421323266,20
hops,s1584,3,heat,softplus,2.0,1584,0.20727552335688948,0.2145711447622993,0.18633555419004588,0.22380801566652261,True,True,True,"[0.06255, 0.05961, 0.05384]","[3.6721, 1.9188, 1.0414, 1.0552]",3301,200,8,6,32,4,10.3,cuda,cut,0.05,8,float32,0.30001465975182123,20
delay,s264,8,gcn,relu,2.0,264,0.14013436413370073,0.1927794349680112,0.1429222732390785,0.1818442901083729,True,True,True,"[0.06692, 0.04037, 0.03312]",[],3301,200,8,6,32,4,5.6,cuda,cut,0.05,8,float32,0.24550723791554188,20
delay,s264,8,heat,relu,2.0,264,0.17730650357252944,0.23755121121881842,0.17832477593081864,0.1818442901083729,True,True,True,"[0.06745, 0.0492, 0.04856]","[0.9541, 0.3958, 0.4143, 0.3911]",3301,200,8,6,32,4,8.2,cuda,cut,0.05,8,float32,0.24550723791554188,20
hops,s1584,3,qw,softplus,2.0,1584,0.22405716246393784,0.2972302823575484,0.20879516027388023,0.22380801566652261,False,False,True,"[0.06256, 0.0592, 0.05774]","[1.9913, 1.1779, 0.8999, 0.95]",3301,200,8,6,32,4,12.1,cuda,cut,0.05,8,float32,0.30001465975182123,20
delay,s264,8,qw,relu,2.0,264,0.18110354390286962,0.24463901448715694,0.18195024652540628,0.1818442901083729,True,True,True,"[0.06715, 0.04926, 0.04904]","[1.5778, 1.4257, 1.435, 1.4323]",3301,200,8,6,32,4,8.5,cuda,cut,0.05,8,float32,0.24550723791554188,20
hops,s1584,4,gcn,softplus,2.0,1584,0.20266898861311702,0.28869553515157226,0.20525526940720296,0.20166345434231991,False,True,True,"[0.06684, 0.05851, 0.05815]",[],3301,200,8,6,32,4,8.2,cuda,cut,0.05,8,float32,0.2875493682492633,20
delay,s264,9,gcn,relu,2.0,264,0.13118554968763182,0.1722295410976893,0.1359749242829187,0.17468010527881409,True,True,True,"[0.05828, 0.04304, 0.0308]",[],3301,200,8,6,32,4,5.6,cuda,cut,0.05,8,float32,0.23707024802930401,20
hops,s1584,4,heat,softplus,2.0,1584,0.20277957171076275,0.28978018529541294,0.20536559855011574,0.20166345434231991,False,True,True,"[0.06704, 0.05849, 0.05824]","[2.6461, 1.7849, 1.7963, 1.7964]",3301,200,8,6,32,4,10.3,cuda,cut,0.05,8,float32,0.2875493682492633,20
delay,s264,9,heat,relu,2.0,264,0.1731612170867697,0.235850253537108,0.17836948524574947,0.17468010527881409,True,True,True,"[0.05832, 0.04838, 0.0482]","[2.033, 2.0333, 2.0195, 2.0202]",3301,200,8,6,32,4,8.2,cuda,cut,0.05,8,float32,0.23707024802930401,20
delay,s264,9,qw,relu,2.0,264,0.17592622410280234,0.24003796942480685,0.18133902488537415,0.17468010527881409,False,True,True,"[0.05831, 0.04837, 0.04835]","[2.7213, 2.7214, 2.7214, 2.7168]",3301,200,8,6,32,4,8.3,cuda,cut,0.05,8,float32,0.23707024802930401,20
hops,s1584,4,qw,softplus,2.0,1584,0.2029322634454227,0.290144156338042,0.20551370470014382,0.20166345434231991,False,True,True,"[0.067, 0.05851, 0.05832]","[2.4117, 2.3056, 2.3227, 2.3227]",3301,200,8,6,32,4,12.2,cuda,cut,0.05,8,float32,0.2875493682492633,20
hops,s1584,5,gcn,softplus,2.0,1584,0.20749969487250955,0.2858029721451619,0.22126566509909062,0.20494496734869297,False,True,True,"[0.07903, 0.06552, 0.06538]",[],3301,200,8,6,32,4,8.3,cuda,cut,0.05,8,float32,0.28995785954405556,20
hops,s1584,5,heat,softplus,2.0,1584,0.20776306670660824,0.28669719408237887,0.2215096937772357,0.20494496734869297,False,True,True,"[0.07907, 0.06556, 0.06553]","[2.6876, 2.6885, 2.6735, 2.6365]",3301,200,8,6,32,4,9.3,cuda,cut,0.05,8,float32,0.28995785954405556,20
hops,s1584,5,qw,softplus,2.0,1584,0.20777224381501325,0.2866348605173776,0.2215158974486074,0.20494496734869297,False,True,True,"[0.07902, 0.06556, 0.06553]","[2.8767, 2.8774, 2.9006, 2.8647]",3301,200,8,6,32,4,10.8,cuda,cut,0.05,8,float32,0.28995785954405556,20
hops,s1584,6,gcn,softplus,2.0,1584,0.2042580626521617,0.2884605675372078,0.2089615514854115,0.20352606689957245,False,True,True,"[0.06883, 0.05979, 0.0596]",[],3301,200,8,6,32,4,8.3,cuda,cut,0.05,8,float32,0.29468145136268387,20
hops,s1584,6,heat,softplus,2.0,1584,0.15825025054746894,0.24206282011455407,0.1655374484132585,0.20352606689957245,True,True,True,"[0.0688, 0.05841, 0.04983]","[3.5476, 2.2758, 1.9338, 1.859]",3301,200,8,6,32,4,10.5,cuda,cut,0.05,8,float32,0.29468145136268387,20
hops,s1584,6,qw,softplus,2.0,1584,0.160850887271099,0.27598089598893555,0.17074662824414172,0.20352606689957245,True,True,True,"[0.06882, 0.05935, 0.05113]","[2.5461, 1.8835, 1.0781, 1.0304]",3301,200,8,6,32,4,12.2,cuda,cut,0.05,8,float32,0.29468145136268387,20
hops,s1584,7,gcn,softplus,2.0,1584,0.20613289289709544,0.3032890311314672,0.2075110728634319,0.2073090134066238,True,True,True,"[0.06686, 0.06104, 0.05982]",[],3301,200,8,6,32,4,8.1,cuda,cut,0.05,8,float32,0.28540695962342993,20
hops,s1584,7,heat,softplus,2.0,1584,0.2069278862468447,0.2944623985816423,0.21001514748962963,0.2073090134066238,True,False,True,"[0.06681, 0.06099, 0.06057]","[2.02, 1.949, 1.5423, 1.5317]",3301,200,8,6,32,4,10.4,cuda,cut,0.05,8,float32,0.28540695962342993,20
hops,s1584,7,qw,softplus,2.0,1584,0.20877525393352514,0.3001748484144482,0.21157508461784355,0.2073090134066238,False,False,True,"[0.06681, 0.06101, 0.06088]","[2.2417, 2.2417, 2.2335, 2.2332]",3301,200,8,6,32,4,12.2,cuda,cut,0.05,8,float32,0.28540695962342993,20
hops,s1584,8,gcn,softplus,2.0,1584,0.21297975132588345,0.261261663592544,0.21151847507765825,0.2142830371220913,True,True,True,"[0.07765, 0.0626, 0.06011]",[],3301,200,8,6,32,4,5.7,cuda,cut,0.05,8,float32,0.3031558346890644,20
hops,s1584,8,heat,softplus,2.0,1584,0.21679034911022407,0.2950682034151252,0.2173040951011265,0.2142830371220913,False,True,True,"[0.07793, 0.06341, 0.06328]","[2.171, 1.6648, 1.6912, 1.6696]",3301,200,8,6,32,4,10.5,cuda,cut,0.05,8,float32,0.3031558346890644,20
hops,s1584,8,qw,softplus,2.0,1584,0.2168338041323761,0.2952557784096165,0.21736441114229488,0.2142830371220913,False,True,True,"[0.07794, 0.06342, 0.06333]","[2.4116, 2.1404, 2.1473, 2.1463]",3301,200,8,6,32,4,12.4,cuda,cut,0.05,8,float32,0.3031558346890644,20
hops,s1584,9,gcn,softplus,2.0,1584,0.19798924421471378,0.28100237727117156,0.21358468801616878,0.1972476585583153,False,True,True,"[0.06856, 0.0618, 0.06165]",[],3301,200,8,6,32,4,8.2,cuda,cut,0.05,8,float32,0.2859626192448666,20
hops,s1584,9,heat,softplus,2.0,1584,0.19859285968722717,0.28954543319338777,0.21379170178187623,0.1972476585583153,False,True,True,"[0.06864, 0.06181, 0.06177]","[2.2455, 2.2185, 2.2176, 2.22]",3301,200,8,6,32,4,10.5,cuda,cut,0.05,8,float32,0.2859626192448666,20
hops,s1584,9,qw,softplus,2.0,1584,0.1987059541322567,0.2896662477698487,0.21387416588976238,0.1972476585583153,False,False,True,"[0.06864, 0.06181, 0.06178]","[2.4557, 2.4587, 2.4585, 2.4597]",3301,200,8,6,32,4,12.3,cuda,cut,0.05,8,float32,0.2859626192448666,20
delay,s1584,0,gcn,softplus,2.0,1584,0.1674530835871613,0.23145664382688905,0.1713559743381638,0.16718246888562172,False,True,True,"[0.07011, 0.04348, 0.04335]",[],3301,200,8,6,32,4,8.4,cuda,cut,0.05,8,float32,0.23142011562655515,20
delay,s1584,0,heat,softplus,2.0,1584,0.16741000746591614,0.2304244702089385,0.17132149088748255,0.16718246888562172,False,True,True,"[0.07007, 0.04349, 0.04337]","[1.2437, 1.2022, 1.2044, 1.2035]",3301,200,8,6,32,4,10.7,cuda,cut,0.05,8,float32,0.23142011562655515,20
delay,s1584,0,qw,softplus,2.0,1584,0.16752428910577424,0.23038841119240697,0.1714283833089855,0.16718246888562172,False,True,True,"[0.07007, 0.04351, 0.04344]","[1.9601, 2.0018, 2.0022, 2.0022]",3301,200,8,6,32,4,10.8,cuda,cut,0.05,8,float32,0.23142011562655515,20
delay,s1584,1,gcn,softplus,2.0,1584,0.16861364539275228,0.22016069240010605,0.1767245593599533,0.17031059692173203,True,True,True,"[0.05934, 0.04643, 0.04614]",[],3301,200,8,6,32,4,8.5,cuda,cut,0.05,8,float32,0.23514632530449575,20
delay,s1584,1,heat,softplus,2.0,1584,0.1701847635360861,0.23488019231432275,0.1779042419788164,0.17031059692173203,True,True,True,"[0.05932, 0.04644, 0.0463]","[1.2657, 0.8301, 0.8137, 0.834]",3301,200,8,6,32,4,10.8,cuda,cut,0.05,8,float32,0.23514632530449575,20
delay,s1584,1,qw,softplus,2.0,1584,0.17027554900490485,0.23497978733380298,0.177987327410562,0.17031059692173203,True,True,True,"[0.05959, 0.04647, 0.04635]","[1.3157, 0.9804, 0.9792, 0.9961]",3301,200,8,6,32,4,12.5,cuda,cut,0.05,8,float32,0.23514632530449575,20
delay,s1584,2,gcn,softplus,2.0,1584,0.16929410283913546,0.2304559643623274,0.17205830181869758,0.16813962006055974,False,True,True,"[0.05189, 0.04353, 0.04348]",[],3301,200,8,6,32,4,8.4,cuda,cut,0.05,8,float32,0.22760433742461253,20
delay,s1584,2,heat,softplus,2.0,1584,0.1692779594943161,0.2297310610961737,0.17204021742986927,0.16813962006055974,False,True,True,"[0.05197, 0.04352, 0.04349]","[2.0035, 2.0106, 2.0109, 2.0091]",3301,200,8,6,32,4,10.6,cuda,cut,0.05,8,float32,0.22760433742461253,20
delay,s1584,2,qw,softplus,2.0,1584,0.16931445464879502,0.22962214073503792,0.172076503921055,0.16813962006055974,False,True,True,"[0.05196, 0.04353, 0.0435]","[2.8368, 2.8309, 2.8337, 2.8338]",3301,200,8,6,32,4,12.4,cuda,cut,0.05,8,float32,0.22760433742461253,20
delay,s1584,3,gcn,softplus,2.0,1584,0.17300833411613145,0.213027048723161,0.1648063375942369,0.17559238301889157,True,True,True,"[0.04608, 0.04221, 0.04073]",[],3301,200,8,6,32,4,8.4,cuda,cut,0.05,8,float32,0.23256354205315924,20
delay,s1584,3,heat,softplus,2.0,1584,0.16935239471555907,0.23384522804185406,0.15404251731701096,0.17559238301889157,True,True,True,"[0.04606, 0.0422, 0.03863]","[3.2444, 1.3158, 0.8966, 0.87]",3301,200,8,6,32,4,10.6,cuda,cut,0.05,8,float32,0.23256354205315924,20
delay,s1584,3,qw,softplus,2.0,1584,0.17419088537511196,0.24151768742974244,0.16443373990992455,0.17559238301889157,True,False,True,"[0.04614, 0.04238, 0.04173]","[1.8875, 0.7228, 0.7265, 0.7247]",3301,200,8,6,32,4,11.0,cuda,cut,0.05,8,float32,0.23256354205315924,20
delay,s1584,4,gcn,softplus,2.0,1584,0.16778857367323327,0.22961046749910682,0.16816956499509744,0.16771967093591966,False,True,True,"[0.0524, 0.04187, 0.04169]",[],3301,200,8,6,32,4,8.5,cuda,cut,0.05,8,float32,0.2300894549207899,20
delay,s1584,4,heat,softplus,2.0,1584,0.1665176379844007,0.22288925871236934,0.16707340387272945,0.16771967093591966,True,True,True,"[0.05254, 0.04186, 0.04154]","[1.8935, 1.0013, 1.0161, 1.0161]",3301,200,8,6,32,4,10.8,cuda,cut,0.05,8,float32,0.2300894549207899,20
delay,s1584,4,qw,softplus,2.0,1584,0.16795763003746492,0.2291139165116581,0.16830914880979847,0.16771967093591966,False,True,True,"[0.05266, 0.04189, 0.04182]","[2.2764, 2.2313, 2.2479, 2.2479]",3301,200,8,6,32,4,11.1,cuda,cut,0.05,8,float32,0.2300894549207899,20
delay,s1584,5,gcn,softplus,2.0,1584,0.17068472766060294,0.22298247935705495,0.17376397974507513,0.1695982223801528,False,True,True,"[0.06119, 0.0445, 0.04441]",[],3301,200,8,6,32,4,8.5,cuda,cut,0.05,8,float32,0.231928506338583,20
delay,s1584,5,heat,softplus,2.0,1584,0.1707863209742476,0.22263882871625754,0.17387470412623687,0.1695982223801528,False,True,True,"[0.06088, 0.04451, 0.04447]","[1.6378, 1.6371, 1.6412, 1.5901]",3301,200,8,6,32,4,10.6,cuda,cut,0.05,8,float32,0.231928506338583,20
delay,s1584,5,qw,softplus,2.0,1584,0.170807261947348,0.22250853413443897,0.17389680922746945,0.1695982223801528,False,True,True,"[0.06087, 0.04451, 0.04449]","[2.4378, 2.4379, 2.4663, 2.4275]",3301,200,8,6,32,4,12.5,cuda,cut,0.05,8,float32,0.231928506338583,20
delay,s1584,6,gcn,softplus,2.0,1584,0.16774242886840696,0.22617698548919563,0.17031676233021453,0.16698550508492424,False,True,True,"[0.05389, 0.04299, 0.04286]",[],3301,200,8,6,32,4,8.3,cuda,cut,0.05,8,float32,0.23130154359730828,20
delay,s1584,6,heat,softplus,2.0,1584,0.14947760324636694,0.21202095244873154,0.15395622380068136,0.16698550508492424,True,True,True,"[0.05418, 0.04279, 0.03865]","[2.8115, 2.168, 1.3314, 0.5567]",3301,200,8,6,32,4,10.5,cuda,cut,0.05,8,float32,0.23130154359730828,20
delay,s1584,6,qw,softplus,2.0,1584,0.16082820978316695,0.17147262389418172,0.16177422883195713,0.16698550508492424,True,True,True,"[0.05413, 0.04294, 0.04064]","[1.4282, 0.8191, 0.8817, 0.8323]",3301,200,8,6,32,4,11.2,cuda,cut,0.05,8,float32,0.23130154359730828,20
delay,s1584,7,gcn,softplus,2.0,1584,0.17129752822968988,0.24846040335392716,0.16922885288739864,0.17015197013660807,False,True,True,"[0.05082, 0.04357, 0.04305]",[],3301,200,8,6,32,4,7.8,cuda,cut,0.05,8,float32,0.22817133965122297,20
delay,s1584,7,heat,softplus,2.0,1584,0.1713214304197426,0.24217479086335345,0.17126310468897415,0.17015197013660807,False,True,True,"[0.05064, 0.04355, 0.04341]","[1.3853, 1.3484, 1.3233, 1.3222]",3301,200,8,6,32,4,10.5,cuda,cut,0.05,8,float32,0.22817133965122297,20
delay,s1584,7,qw,softplus,2.0,1584,0.1716801657218734,0.24284237795345046,0.17157892536025346,0.17015197013660807,False,True,True,"[0.05069, 0.04356, 0.04351]","[2.2066, 2.2066, 2.2049, 2.2049]",3301,200,8,6,32,4,10.8,cuda,cut,0.05,8,float32,0.22817133965122297,20
delay,s1584,8,gcn,softplus,2.0,1584,0.16947570403397746,0.21285902739676887,0.16902508055287085,0.1725296807178078,True,True,True,"[0.06105, 0.04391, 0.04228]",[],3301,200,8,6,32,4,8.5,cuda,cut,0.05,8,float32,0.23603059260903947,20
delay,s1584,8,heat,softplus,2.0,1584,0.17345670945007552,0.2335012706843901,0.17345422001667568,0.1725296807178078,False,True,True,"[0.06121, 0.04448, 0.04437]","[1.2245, 0.8028, 0.8233, 0.8052]",3301,200,8,6,32,4,10.7,cuda,cut,0.05,8,float32,0.23603059260903947,20
delay,s1584,8,qw,softplus,2.0,1584,0.17351034348616956,0.2335859988527397,0.17351441428506562,0.1725296807178078,False,True,True,"[0.06123, 0.0445, 0.04442]","[1.3414, 1.2487, 1.2541, 1.2522]",3301,200,8,6,32,4,11.0,cuda,cut,0.05,8,float32,0.23603059260903947,20
delay,s1584,9,gcn,softplus,2.0,1584,0.1684413430406806,0.23245879946512468,0.17218198255160141,0.1675019948737404,False,True,True,"[0.05232, 0.04381, 0.04377]",[],3301,200,8,6,32,4,8.5,cuda,cut,0.05,8,float32,0.22982095839498537,20
delay,s1584,9,heat,softplus,2.0,1584,0.1685918374185024,0.23300604986824167,0.1723141526011691,0.1675019948737404,False,True,True,"[0.05243, 0.04381, 0.04379]","[2.046, 2.0176, 2.0178, 2.0228]",3301,200,8,6,32,4,10.6,cuda,cut,0.05,8,float32,0.22982095839498537,20
delay,s1584,9,qw,softplus,2.0,1584,0.1686236700397816,0.23301037755658272,0.1723424675567205,0.1675019948737404,False,True,True,"[0.05243, 0.04381, 0.0438]","[2.6942, 2.6942, 2.6941, 2.694]",3301,200,8,6,32,4,12.4,cuda,cut,0.05,8,float32,0.22982095839498537,20
hops,s264,0,gcn,softplus,2.0,264,0.15519627173092554,0.19281323902679318,0.16497187927950907,0.19787345489374164,True,True,True,"[0.08439, 0.0573, 0.045]",[],3301,200,8,6,32,4,6.3,cuda,cut,0.05,8,float32,0.280693571562402,20
hops,s264,0,heat,softplus,2.0,264,0.19464076437865094,0.270485880809117,0.20353724657572014,0.19787345489374164,True,True,True,"[0.08445, 0.05903, 0.05814]","[1.5287, 1.4073, 1.4063, 1.4063]",3301,200,8,6,32,4,8.4,cuda,cut,0.05,8,float32,0.280693571562402,20
hops,s264,0,qw,softplus,2.0,264,0.19810765968033608,0.2755464759907807,0.20682607284591842,0.19787345489374164,False,True,True,"[0.08435, 0.05912, 0.0589]","[2.0726, 2.1157, 2.1157, 2.1157]",3301,200,8,6,32,4,10.2,cuda,cut,0.05,8,float32,0.280693571562402,20
hops,s264,1,gcn,softplus,2.0,264,0.17197680846327032,0.2027595236277385,0.18193401972883183,0.20885174311791557,True,True,True,"[0.07824, 0.06296, 0.04861]",[],3301,200,8,6,32,4,6.2,cuda,cut,0.05,8,float32,0.29127543094454805,20
hops,s264,1,heat,softplus,2.0,264,0.09159209696350223,0.16538113391294107,0.10601958975894377,0.20885174311791557,True,True,True,"[0.07818, 0.06557, 0.0534]","[2.2453, 1.2012, 0.6299, 0.7566]",3301,200,8,6,32,4,8.3,cuda,cut,0.05,8,float32,0.29127543094454805,20
hops,s264,1,qw,softplus,2.0,264,0.14434555306033503,0.17065603264075854,0.15406184130750428,0.20885174311791557,True,True,True,"[0.07826, 0.06579, 0.05913]","[1.5478, 0.8063, 0.5534, 0.5812]",3301,200,8,6,32,4,8.7,cuda,cut,0.05,8,float32,0.29127543094454805,20
hops,s264,2,gcn,softplus,2.0,264,0.20143466881438712,0.36907969787467576,0.19953329364811495,0.20518608943728558,True,True,True,"[0.06802, 0.05741, 0.04851]",[],3301,200,8,6,32,4,6.2,cuda,cut,0.05,8,float32,0.28151911417235204,20
hops,s264,2,heat,softplus,2.0,264,0.20411401324096426,0.2830307502593807,0.207165239364699,0.20518608943728558,True,True,True,"[0.06784, 0.06008, 0.05971]","[1.9785, 1.9791, 1.9793, 1.9786]",3301,200,8,6,32,4,8.4,cuda,cut,0.05,8,float32,0.28151911417235204,20
hops,s264,2,qw,softplus,2.0,264,0.2057546615868694,0.2849821897935802,0.208778122030763,0.20518608943728558,False,True,True,"[0.06776, 0.06008, 0.05997]","[2.3625, 2.362, 2.3619, 2.3622]",3301,200,8,6,32,4,8.6,cuda,cut,0.05,8,float32,0.28151911417235204,20
hops,s264,3,gcn,softplus,2.0,264,0.18611949245501877,0.23207256050703384,0.16310170205190044,0.2183135611480196,True,True,True,"[0.06092, 0.04693, 0.04115]",[],3301,200,8,6,32,4,6.2,cuda,cut,0.05,8,float32,0.2903015533112491,20
hops,s264,3,heat,softplus,2.0,264,0.07614705161041006,0.09717972711495197,0.08400583762858967,0.2183135611480196,True,True,True,"[0.06115, 0.05442, 0.02042]","[2.3706, 1.8475, 1.3672, 1.7546]",3301,200,8,6,32,4,8.3,cuda,cut,0.05,8,float32,0.2903015533112491,20
hops,s264,3,qw,softplus,2.0,264,0.21696497441382342,0.294350974704538,0.20259724372899104,0.2183135611480196,True,False,True,"[0.06117, 0.0579, 0.05763]","[1.5622, 1.5337, 1.5339, 1.5339]",3301,200,8,6,32,4,8.9,cuda,cut,0.05,8,float32,0.2903015533112491,20
hops,s264,4,gcn,softplus,2.0,264,0.14761894973314774,0.16574286605072316,0.15467224470657212,0.19630108461386028,True,True,True,"[0.06616, 0.05456, 0.03911]",[],3301,200,8,6,32,4,5.6,cuda,cut,0.05,8,float32,0.27638427471612287,20
hops,s264,4,heat,softplus,2.0,264,0.11169306249028506,0.17220607257018225,0.11671565582086756,0.19630108461386028,True,True,True,"[0.0662, 0.05618, 0.04892]","[1.5728, 1.0138, 0.9455, 0.9441]",3301,200,8,6,32,4,8.2,cuda,cut,0.05,8,float32,0.27638427471612287,20
hops,s264,4,qw,softplus,2.0,264,0.19661362540691787,0.27489630674669147,0.19958609721101256,0.19630108461386028,False,True,True,"[0.06612, 0.05641, 0.05611]","[2.0862, 2.0001, 2.0098, 2.0097]",3301,200,8,6,32,4,8.5,cuda,cut,0.05,8,float32,0.27638427471612287,20
hops,s264,5,gcn,softplus,2.0,264,0.16563031213555598,0.1876485201734999,0.1836914934859978,0.19923935919256897,True,True,True,"[0.07808, 0.06165, 0.05278]",[],3301,200,8,6,32,4,6.2,cuda,cut,0.05,8,float32,0.2791314775494313,20
hops,s264,5,heat,softplus,2.0,264,0.20115061951189706,0.278142118643443,0.21477535408286547,0.19923935919256897,False,True,True,"[0.07801, 0.06294, 0.06274]","[2.0837, 2.084, 2.0803, 2.0427]",3301,200,8,6,32,4,8.4,cuda,cut,0.05,8,float32,0.2791314775494313,20
hops,s264,5,qw,softplus,2.0,264,0.20138354245996612,0.27832273725807616,0.21499332527728807,0.19923935919256897,False,True,True,"[0.07798, 0.06295, 0.06282]","[1.9702, 1.9686, 1.9652, 1.9154]",3301,200,8,6,32,4,8.5,cuda,cut,0.05,8,float32,0.2791314775494313,20
hops,s264,6,gcn,softplus,2.0,264,0.1647005950516993,0.23416738232515136,0.16978864239133667,0.1980908092045498,True,False,False,"[0.06802, 0.04701, 0.05242]",[],3301,200,8,6,32,4,6.2,cuda,cut,0.05,8,float32,0.2824305972873655,20
hops,s264,6,heat,softplus,2.0,264,0.13942461112288362,0.14554589241186597,0.13840496404251704,0.1980908092045498,True,True,True,"[0.06827, 0.05789, 0.05096]","[1.4129, 0.9812, 0.7135, 0.657]",3301,200,8,6,32,4,8.4,cuda,cut,0.05,8,float32,0.2824305972873655,20
hops,s264,6,qw,softplus,2.0,264,0.19525338107757648,0.27049855233859194,0.200678162033331,0.1980908092045498,True,True,True,"[0.06824, 0.05808, 0.0575]","[1.3491, 1.2515, 1.25, 1.25]",3301,200,8,6,32,4,8.6,cuda,cut,0.05,8,float32,0.2824305972873655,20
hops,s264,7,gcn,softplus,2.0,264,0.15615063036246357,0.20754529346339912,0.16533345838825247,0.2023148803825895,True,True,True,"[0.06608, 0.05739, 0.04204]",[],3301,200,8,6,32,4,6.2,cuda,cut,0.05,8,float32,0.2772391338182611,20
hops,s264,7,heat,softplus,2.0,264,0.07939180844425779,0.09561478382479964,0.07835237402821693,0.2023148803825895,True,True,True,"[0.06561, 0.05882, 0.03892]","[1.8442, 1.6854, 1.4478, 1.0965]",3301,200,8,6,32,4,8.4,cuda,cut,0.05,8,float32,0.2772391338182611,20
hops,s264,7,qw,softplus,2.0,264,0.1903784802404581,0.2805556904176215,0.19299224633229614,0.2023148803825895,True,True,True,"[0.06563, 0.05905, 0.05827]","[1.6247, 1.6241, 1.6136, 1.6136]",3301,200,8,6,32,4,8.7,cuda,cut,0.05,8,float32,0.2772391338182611,20
hops,s264,8,gcn,softplus,2.0,264,0.17826943285645672,0.24713862988259397,0.17623601482905957,0.20912674601857714,True,True,True,"[0.07591, 0.04922, 0.04268]",[],3301,200,8,6,32,4,6.2,cuda,cut,0.05,8,float32,0.2907939653096018,20
hops,s264,8,heat,softplus,2.0,264,0.20052928302549955,0.2731764030759211,0.19991417862404365,0.20912674601857714,True,True,True,"[0.07657, 0.06045, 0.05923]","[1.3586, 0.9067, 0.9124, 0.902]",3301,200,8,6,32,4,8.4,cuda,cut,0.05,8,float32,0.2907939653096018,20
hops,s264,8,qw,softplus,2.0,264,0.20913584530353546,0.2799341976845445,0.20878459773887176,0.20912674601857714,False,True,True,"[0.07633, 0.06055, 0.06009]","[1.3497, 1.2495, 1.2515, 1.2503]",3301,200,8,6,32,4,8.6,cuda,cut,0.05,8,float32,0.2907939653096018,20
hops,s264,9,gcn,softplus,2.0,264,0.13793632761349506,0.21612683997236215,0.15623409061509214,0.19265717992587297,True,True,True,"[0.06688, 0.05363, 0.03752]",[],3301,200,8,6,32,4,6.2,cuda,cut,0.05,8,float32,0.273270004191279,20
hops,s264,9,heat,softplus,2.0,264,0.1930350818026886,0.27918032141435134,0.20699076766190544,0.19265717992587297,False,True,True,"[0.0669, 0.05925, 0.05916]","[2.0964, 2.0962, 2.0895, 2.0912]",3301,200,8,6,32,4,8.4,cuda,cut,0.05,8,float32,0.273270004191279,20
hops,s264,9,qw,softplus,2.0,264,0.19358354316074214,0.27991093139879136,0.20743104219648312,0.19265717992587297,False,True,True,"[0.06688, 0.05924, 0.0592]","[2.4901, 2.4901, 2.4899, 2.4898]",3301,200,8,6,32,4,8.7,cuda,cut,0.05,8,float32,0.273270004191279,20
delay,s264,0,gcn,softplus,2.0,264,0.17770947556415895,0.13758742606323365,0.17651218550886508,0.1784763727337122,True,True,True,"[0.07763, 0.04674, 0.03934]",[],3301,200,8,6,32,4,6.3,cuda,cut,0.05,8,float32,0.24224253883709823,20
delay,s264,0,heat,softplus,2.0,264,0.17706706211196652,0.2358838975520352,0.17905786328695036,0.1784763727337122,True,True,True,"[0.07747, 0.04815, 0.04771]","[1.5729, 1.522, 1.523, 1.523]",3301,200,8,6,32,4,8.4,cuda,cut,0.05,8,float32,0.24224253883709823,20
delay,s264,0,qw,softplus,2.0,264,0.17850307354496586,0.23757237615142465,0.18051603111918224,0.1784763727337122,False,True,True,"[0.07752, 0.04818, 0.04805]","[2.3503, 2.406, 2.4059, 2.4059]",3301,200,8,6,32,4,9.0,cuda,cut,0.05,8,float32,0.24224253883709823,20
delay,s264,1,gcn,softplus,2.0,264,0.1607643702276747,0.16026497125717631,0.15805772268636661,0.18130437167704747,True,True,True,"[0.06601, 0.04804, 0.03472]",[],3301,200,8,6,32,4,6.3,cuda,cut,0.05,8,float32,0.2482453209224843,20
delay,s264,1,heat,softplus,2.0,264,0.14698001337496358,0.1844985490883865,0.14863310772290622,0.18130437167704747,True,True,True,"[0.06614, 0.05093, 0.04664]","[1.3253, 0.4674, 0.3949, 0.4069]",3301,200,8,6,32,4,8.5,cuda,cut,0.05,8,float32,0.2482453209224843,20
delay,s264,1,qw,softplus,2.0,264,0.1456745647122105,0.23423637881363546,0.1560919826769157,0.18130437167704747,True,True,True,"[0.06624, 0.05112, 0.04788]","[0.8421, 0.6026, 0.4922, 0.5043]",3301,200,8,6,32,4,10.2,cuda,cut,0.05,8,float32,0.2482453209224843,20
delay,s264,2,gcn,softplus,2.0,264,0.1486254534989859,0.1912791637311008,0.15027874170195762,0.17940558485376337,True,True,True,"[0.05751, 0.0473, 0.03853]",[],3301,200,8,6,32,4,6.2,cuda,cut,0.05,8,float32,0.2421685143875647,20
delay,s264,2,heat,softplus,2.0,264,0.17986988571397208,0.24407851988686344,0.1807426857165851,0.17940558485376337,False,True,True,"[0.05767, 0.04854, 0.04836]","[2.1624, 2.163, 2.163, 2.1625]",3301,200,8,6,32,4,8.4,cuda,cut,0.05,8,float32,0.2421685143875647,20
delay,s264,2,qw,softplus,2.0,264,0.1803689178319253,0.24455251324069197,0.18124376827759217,0.17940558485376337,False,True,True,"[0.05759, 0.04852, 0.04845]","[2.5732, 2.5727, 2.5727, 2.5727]",3301,200,8,6,32,4,10.4,cuda,cut,0.05,8,float32,0.2421685143875647,20
delay,s264,3,gcn,softplus,2.0,264,0.16199046394180958,0.23694203299965677,0.15263546670868175,0.1834615095661991,True,True,True,"[0.05188, 0.04344, 0.03566]",[],3301,200,8,6,32,4,6.3,cuda,cut,0.05,8,float32,0.2436870119141773,20
delay,s264,3,heat,softplus,2.0,264,0.1615244833096354,0.1811266708058711,0.15636063442886525,0.1834615095661991,True,True,True,"[0.05199, 0.04757, 0.04579]","[1.0019, 0.9047, 0.8651, 0.865]",3301,200,8,6,32,4,8.6,cuda,cut,0.05,8,float32,0.2436870119141773,20
delay,s264,3,qw,softplus,2.0,264,0.1830198606346837,0.24463967361130112,0.1789765499177685,0.1834615095661991,True,False,True,"[0.05193, 0.04764, 0.04755]","[2.1627, 2.1567, 2.157, 2.1571]",3301,200,8,6,32,4,10.3,cuda,cut,0.05,8,float32,0.2436870119141773,20
delay,s264,4,gcn,softplus,2.0,264,0.1429276719437724,0.16065306186172332,0.1471666777047865,0.1758919300316278,True,True,True,"[0.05879, 0.04668, 0.03819]",[],3301,200,8,6,32,4,6.3,cuda,cut,0.05,8,float32,0.24038018968527722,20
delay,s264,4,heat,softplus,2.0,264,0.17148730475008675,0.2323158888679183,0.17401096431157467,0.1758919300316278,True,True,True,"[0.05896, 0.04762, 0.04666]","[1.3041, 1.1374, 1.1472, 1.1472]",3301,200,8,6,32,4,8.4,cuda,cut,0.05,8,float32,0.24038018968527722,20
delay,s264,4,qw,softplus,2.0,264,0.17669860570987853,0.24040608512693148,0.1791079202702156,0.1758919300316278,False,True,True,"[0.05888, 0.04769, 0.04757]","[2.5334, 2.5376, 2.5477, 2.5476]",3301,200,8,6,32,4,8.8,cuda,cut,0.05,8,float32,0.24038018968527722,20
delay,s264,5,gcn,softplus,2.0,264,0.14877781150580358,0.1842077397948403,0.16252630872821267,0.17532704785616715,True,True,True,"[0.06908, 0.04924, 0.04269]",[],3301,200,8,6,32,4,6.3,cuda,cut,0.05,8,float32,0.23757896651864885,20
delay,s264,5,heat,softplus,2.0,264,0.1764029913177394,0.2383333810689758,0.18572289170697331,0.17532704785616715,False,True,True,"[0.06906, 0.05053, 0.05037]","[1.7066, 1.7055, 1.7024, 1.6596]",3301,200,8,6,32,4,8.4,cuda,cut,0.05,8,float32,0.23757896651864885,20
delay,s264,5,qw,softplus,2.0,264,0.17659956288307602,0.2383018529887093,0.18596915450568,0.17532704785616715,False,True,True,"[0.06904, 0.05054, 0.05045]","[2.0655, 2.064, 2.0558, 2.0069]",3301,200,8,6,32,4,10.4,cuda,cut,0.05,8,float32,0.23757896651864885,20
delay,s264,6,gcn,softplus,2.0,264,0.1435676271241685,0.15652388811147688,0.14740177868886595,0.17780672095838299,True,True,True,"[0.0603, 0.0474, 0.03817]",[],3301,200,8,6,32,4,6.2,cuda,cut,0.05,8,float32,0.24289243794613513,20
delay,s264,6,heat,softplus,2.0,264,0.1074889726922706,0.13294900590040382,0.10640714073969954,0.17780672095838299,True,True,True,"[0.06074, 0.04764, 0.02809]","[1.7104, 1.1314, 1.0432, 0.6935]",3301,200,8,6,32,4,8.3,cuda,cut,0.05,8,float32,0.24289243794613513,20
delay,s264,6,qw,softplus,2.0,264,0.17846307503953204,0.21618558945282285,0.18177109950920567,0.17780672095838299,False,True,True,"[0.0607, 0.04829, 0.0481]","[1.2281, 1.0882, 1.0902, 1.0918]",3301,200,8,6,32,4,8.6,cuda,cut,0.05,8,float32,0.24289243794613513,20
delay,s264,7,gcn,softplus,2.0,264,0.143356084480242,0.21271459679085714,0.14114683455960458,0.17869648637927393,True,True,True,"[0.05598, 0.04702, 0.03514]",[],3301,200,8,6,32,4,6.2,cuda,cut,0.05,8,float32,0.23892260421323266,20
delay,s264,7,heat,softplus,2.0,264,0.15943819475877616,0.2469279122226642,0.14983446444261284,0.17869648637927393,True,True,True,"[0.05541, 0.04737, 0.04326]","[1.4174, 1.2751, 1.0239, 1.0184]",3301,200,8,6,32,4,8.4,cuda,cut,0.05,8,float32,0.23892260421323266,20
delay,s264,7,qw,softplus,2.0,264,0.1641795389645855,0.25219749109775785,0.15600446147128066,0.17869648637927393,True,True,True,"[0.0556, 0.04746, 0.04478]","[1.6425, 1.6212, 1.6212, 1.621]",3301,200,8,6,32,4,8.6,cuda,cut,0.05,8,float32,0.23892260421323266,20
delay,s264,8,gcn,softplus,2.0,264,0.14013436413370073,0.1927794349680112,0.1429222732390785,0.1818442901083729,True,True,True,"[0.06692, 0.04037, 0.03312]",[],3301,200,8,6,32,4,6.2,cuda,cut,0.05,8,float32,0.24550723791554188,20
delay,s264,8,heat,softplus,2.0,264,0.1795382434478726,0.24252996159809048,0.18046382160426935,0.1818442901083729,True,True,True,"[0.06745, 0.0492, 0.04863]","[1.1046, 0.8696, 0.8798, 0.8669]",3301,200,8,6,32,4,8.3,cuda,cut,0.05,8,float32,0.24550723791554188,20
delay,s264,8,qw,softplus,2.0,264,0.1811514873353934,0.24462529613971565,0.18199643922200653,0.1818442901083729,True,True,True,"[0.06715, 0.04926, 0.04904]","[1.665, 1.5476, 1.5551, 1.553]",3301,200,8,6,32,4,8.7,cuda,cut,0.05,8,float32,0.24550723791554188,20
delay,s264,9,gcn,softplus,2.0,264,0.13118554968763182,0.1722295410976893,0.1359749242829187,0.17468010527881409,True,True,True,"[0.05828, 0.04304, 0.0308]",[],3301,200,8,6,32,4,6.2,cuda,cut,0.05,8,float32,0.23707024802930401,20
delay,s264,9,heat,softplus,2.0,264,0.17179619373208044,0.23337187024598438,0.1769018522128604,0.17468010527881409,True,True,True,"[0.05832, 0.04838, 0.04814]","[1.9533, 1.9536, 1.9415, 1.942]",3301,200,8,6,32,4,8.4,cuda,cut,0.05,8,float32,0.23707024802930401,20
delay,s264,9,qw,softplus,2.0,264,0.1759260662107004,0.24003878516242005,0.18133809251858937,0.17468010527881409,False,True,True,"[0.05831, 0.04837, 0.04835]","[2.6778, 2.6778, 2.6779, 2.6734]",3301,200,8,6,32,4,8.8,cuda,cut,0.05,8,float32,0.23707024802930401,20
